name,genotype,age,sex,weight,rotation,shift,PFC file,mrspfc_exclude,,CrCH2,Ala,Asp,Cr,GABA,Glc,Gln,GSH,Glu,GPC,Ins,Lac,Lip09,Lip13a,Lip13b,Lip20,MM09,MM12,MM14,MM17,MM20,NAA,NAAG,PCh,PCr,sIns,Tau,tNAA,tCr, tCho,Glx,tLM09,tLM13,tLM20,,CrCH2_stdev,Ala_stdev,Asp_stdev,Cr_stdev,GABA_stdev,Glc_stdev,Gln_stdev,GSH_stdev,Glu_stdev,GPC_stdev,Ins_stdev,Lac_stdev,Lip09_stdev,Lip13a_stdev,Lip13b_stdev,Lip20_stdev,MM09_stdev,MM12_stdev,MM14_stdev,MM17_stdev,MM20_stdev,NAA_stdev,NAAG_stdev,PCh_stdev,PCr_stdev,sIns_stdev,Tau_stdev,tNAA_stdev,tCr_stdev, tCho_stdev,Glx_stdev,tLM09_stdev,tLM13_stdev,tLM20_stdev,,CrCH2_tCR,Ala_tCR,Asp_tCR,Cr_tCR,GABA_tCR,Glc_tCR,Gln_tCR,GSH_tCR,Glu_tCR,GPC_tCR,Ins_tCR,Lac_tCR,Lip09_tCR,Lip13a_tCR,Lip13b_tCR,Lip20_tCR,MM09_tCR,MM12_tCR,MM14_tCR,MM17_tCR,MM20_tCR,NAA_tCR,NAAG_tCR,PCh_tCR,PCr_tCR,sIns_tCR,Tau_tCR,tNAA_tCR,tCr_tCR,tCho_tCR,Glx_tCR,tLM09_tCR,tLM13_tCR,tLM20_tCR
FID_001_18,HET,pnd70,M,23,0,0,18,N,,2.976628,0,1.932797,5.892726,15.01182,0,0,2.894188,34.69715,2.858677,10.94283,1.52089,0,4.520504,0,14.27185,14.34667,3.348593,30.3893,15.65819,89.19351,4.61826,2.326473,2.225964,4.634168,0,33.08707,6.944733,10.52689,5.084641,34.69715,14.34667,38.2584,103.4654,,1.595433,1.297462,2.64393,1.315456,2.614702,1.748577,2.197843,1.117934,3.475651,0.9054952,2.891069,3.395548,464.592,72.59605,19.6387,19.59012,479.2189,100.5741,57.96457,18.68619,26.81828,1.215337,1.144502,0.8203609,1.422105,0.1738206,3.685668,0.7367881,0.6774842,0.1713325,1.722893,2.968991,10.59884,8.895198,,0.2827642352,0,0.1836056993,0.5597784341,1.426045109,0,0,0.2749328624,3.296049451,0.2715595014,1.039512145,0.1444766688,0,0.4294244549,0,1.355751794,1.362859306,0.3180989827,2.886826024,1.48744691,8.472921252,0.4387107683,0.2210028793,0.2114550451,0.4402219459,0,3.143100194,0.6597136476,1,0.4830145466,3.296049451,1.362859306,3.634349746,9.828676846
FID_002_29,WT,pnd70,F,19.3,0,0,29,N,,1.2814,0,2.53454,7.882691,22.98272,5.179555,8.265759,3.015838,47.65674,3.942534,14.66223,1.762808,0,13.95125,0,14.41711,20.00461,6.351019,38.67387,19.03467,103.6555,7.431729,4.675182,2.842669,5.679116,0,46.29938,12.10691,13.56181,6.785203,55.9225,20.00461,58.97614,118.0726,,2.126499,1.620895,3.632292,2.252079,4.773916,4.122883,6.102651,1.979409,5.985721,1.682937,4.05435,6.411448,52.26464,49.92686,18.73625,25.75493,48.24781,44.01201,68.71444,18.71289,35.4162,1.761901,2.149721,1.57349,2.38796,0.2213433,5.588475,1.139407,1.045306,0.2829758,4.226949,3.199613,3.073768,12.04865,,0.09448591302,0,0.1868880334,0.5812418106,1.69466465,0.3819221033,0.6094878928,0.2223772491,3.514039793,0.2907085411,1.081141087,0.1299832397,0,1.028715931,0,1.063066803,1.475069331,0.4683017237,2.851674666,1.403549379,7.643190695,0.5479894645,0.3447314186,0.2096083782,0.4187579681,0,3.413952857,0.8927208094,1,0.5003169193,4.123527759,1.475069331,4.348692394,8.706256761
FID_003_28,WT,pnd70,F,18.2,0,0,28,N,,1.152662,0,4.551368,9.535809,31.33447,7.983233,6.719255,4.247835,61.3724,5.141043,20.67579,0,0,16.52305,0,28.68983,28.18337,6.073471,60.51587,32.06877,145.4621,10.8047,7.136707,3.649667,8.119291,0,57.85393,17.9414,17.6551,8.790711,68.09166,28.18337,83.11239,174.1519,,2.908068,2.062495,4.889529,2.749893,5.548555,5.014371,7.517237,2.545834,7.302558,2.153964,5.401907,2.124936,34.72835,58.81254,17.94297,34.6297,29.00719,47.45932,94.44167,21.70399,48.29946,2.326979,2.837403,1.974572,3.037743,0.299904,7.258876,1.583483,1.335786,0.3635697,5.276157,4.307824,5.554179,15.86203,,0.06528776388,0,0.2577933855,0.540116397,1.774811244,0.4521771613,0.3805843637,0.2406010161,3.476185352,0.291193083,1.171094471,0,0,0.9358797175,0,1.625016567,1.596330239,0.3440066043,3.427670758,1.816402626,8.239098051,0.611987471,0.4042292029,0.2067202678,0.459883603,0,3.276896194,1.016216277,1,0.4979134075,3.856769998,1.596330239,4.707557023,9.864112919
FID_004_27,KO,pnd70,M,22.8,0,0,27,N,,0,0,4.135779,3.827032,21.61093,4.948111,0,2.647989,42.77031,3.271999,9.553246,1.318354,15.5409,10.4667,0,26.66037,1.015686,4.613358,26.2406,16.97754,99.73278,5.082506,2.51016,2.315494,3.829771,0,38.0873,7.592666,7.656803,5.587493,42.77031,16.55659,41.32066,126.3931,,1.296711,1.60577,3.880238,2.167287,6.263914,4.278184,3.634505,1.804904,6.629121,1.713316,4.465887,8.265043,191.5144,62.49711,22.79594,29.63255,179.3395,70.27377,75.01048,20.21838,40.00555,2.522817,2.175769,1.794039,1.862137,0.2274615,6.552456,1.547375,1.019159,0.3269437,3.169505,4.798383,7.735143,11.38466,,0,0,0.5401443657,0.4998211394,2.82244822,0.6462372089,0,0.3458348086,5.585922741,0.4273322691,1.247680788,0.1721807391,2.029685235,1.366980449,0,3.481919281,0.1326514473,0.6025175259,3.427096139,2.217314459,13.02538148,0.6637895738,0.3278339537,0.3024100267,0.5001788606,0,4.974308468,0.9916235275,1,0.7297422958,5.585922741,2.162337205,5.396594375,16.50729423
FID_005_26,KO,pnd70,F,18.3,0,0,26,N,,1.466424,0,5.431546,6.186519,15.50236,0,30.85913,4.03361,37.67836,5.297734,28.72928,3.036479,0,3.698581,0,9.070304,14.56917,0,50.51576,14.64191,57.17697,9.006756,2.154117,2.048088,11.99324,0,52.74031,11.16087,18.17976,7.345822,68.53749,14.56917,54.21434,66.24727,,2.100941,1.501223,3.402605,12.34176,3.886184,1.976549,6.228141,1.741643,5.094869,1.753631,4.380746,6.558629,62.57966,46.18814,10.26763,24.0817,60.29782,10.60582,54.78358,14.769,30.21749,1.832056,1.557293,1.86027,13.02458,0.2023325,5.425097,0.9494469,0.7850964,0.2527649,3.97299,2.599017,3.782092,8.30325,,0.08066245099,0,0.2987688506,0.3402970666,0.8527263286,0,1.697444301,0.2218736661,2.072544412,0.2914083574,1.580289289,0.1670252523,0,0.203444985,0,0.4989231981,0.8013950679,0,2.778681347,0.8053962209,3.145089374,0.4954276624,0.1184898481,0.1126575928,0.6597028784,0,2.901045448,0.6139173454,1,0.4040659503,3.769988713,0.8013950679,2.982126277,3.644012352
FID_006_23,KO,pnd70,F,17.4,0,-1.65,23,N,,1.748123,0,3.88598,7.319723,13.49616,6.388243,19.35152,4.110553,39.26105,5.642452,24.01908,1.045095,2.326092,0,0,19.35056,5.422847,7.393003,20.25771,12.21887,58.3891,5.960739,2.722092,1.433235,9.163431,0,47.9667,8.682831,16.48315,7.075686,58.61257,7.748939,27.65072,77.73967,,1.810891,1.211955,2.936435,7.391985,3.841168,3.238328,5.008668,1.485678,4.695165,1.460813,3.617796,5.030462,14.7597,63.16218,13.47837,19.80881,10.51087,35.66166,26.84663,14.15745,26.2211,1.86202,1.967029,1.292445,7.452695,0.1738874,4.565794,0.764064,0.8504519,0.2254795,3.28983,2.086824,1.960531,9.823394,,0.1060551533,0,0.2357546949,0.4440730686,0.8187852443,0.3875620255,1.174018316,0.2493790932,2.381889991,0.3423163655,1.457189918,0.06340383968,0.1411193856,0,0,1.173960074,0.328993366,0.4485188207,1.228995065,0.7412945948,3.542350825,0.3616262062,0.1651439197,0.08695152322,0.5559271741,0,2.9100445,0.5267701259,1,0.4292678281,3.555908306,0.4701127515,1.67751431,4.716311506
FID_007_25,WT,pnd70,M,26,0,-2,25,N,,0.6588752,0,4.164241,7.234028,24.92832,6.925685,0,2.592823,54.87185,3.90218,13.99145,0,13.46951,6.755933,0,42.71398,14.38112,3.738357,69.47416,21.91597,149.2342,8.049381,4.271339,2.767822,5.527106,0,47.44663,12.32072,12.76113,6.670002,54.87185,27.85063,79.96845,191.9481,,2.572391,1.859816,4.388466,2.505953,5.401019,4.440449,3.95744,2.105295,6.540963,1.895097,4.532762,1.712335,337.7619,49.16612,16.01036,32.09931,330.8169,55.48943,66.09682,20.99744,44.84693,2.433574,2.430811,1.754368,2.756342,0.2643465,6.580854,1.531838,1.200446,0.3153034,3.358398,8.310554,4.095568,13.81465,,0.05163141509,0,0.3263222771,0.5668798923,1.9534571,0.5427172202,0,0.2031813013,4.299920932,0.3057863998,1.096411525,0,1.055510758,0.5294149499,0,3.347194175,1.126947222,0.2929487436,5.444201258,1.717400418,11.69443458,0.630773372,0.3347147941,0.2168947421,0.4331204212,0,3.718058667,0.965488166,1,0.5226811419,4.299920932,2.18245798,6.266564952,15.04162249
FID_014_30,KO,pnd70,M,20,180,-2,30,N,,4.558113,0,8.981446,7.402616,29.8365,8.047804,15.4305,10.85792,60.06716,7.762577,31.69539,0.3041465,1.85692,0,0,15.55027,18.40932,10.50789,45.44582,20.55966,113.935,11.39557,7.098192,1.100071,14.2621,0,82.00749,18.49376,21.66471,8.862647,75.49766,20.26624,55.95371,129.4852,,3.567313,2.315596,4.976235,10.10369,4.716492,5.302237,7.148632,2.753362,6.183752,2.114571,5.530823,7.616774,71.61082,120.7277,24.65335,34.67912,86.37141,70.15097,54.16053,20.30122,41.31412,3.234261,3.466594,1.972558,11.38919,0.3106829,7.2647,1.226715,1.163095,0.3342206,4.788535,3.453885,3.271033,15.86164,,0.2103934463,0,0.4145657154,0.3416900572,1.377193602,0.3714706543,0.7122412439,0.5011800296,2.772580847,0.3583051423,1.462996274,0.01403879858,0.08571174043,0,0,0.7177695893,0.8497376609,0.4850233398,2.097688822,0.948993086,5.259013391,0.5259968862,0.3276384498,0.05077709325,0.6583102197,0,3.785302919,0.8536352437,1,0.4090821894,3.484822091,0.9354494014,2.582712162,5.976779749
FID_017_27,HET,pnd70,F,21.1,180,-2,27,N,,0.8086548,0,2.962656,3.672562,18.33419,5.75418,0.5031329,0.9475849,35.44809,2.518126,11.27063,0,18.93516,7.154472,0,11.10897,0,8.351066,31.44521,23.33739,86.88528,6.191623,4.205423,1.638557,3.227976,0,27.30301,10.39705,6.900537,4.156683,35.95123,18.93516,46.95075,97.99425,,2.027739,1.207668,3.145822,1.952188,5.004836,3.271716,5.678377,1.37818,5.743444,1.26775,3.663545,1.105094,24.72758,39.81262,9.937206,21.61104,27.77794,50.12091,42.90666,12.9959,29.50853,2.066816,1.760753,1.384309,1.985028,0.1783488,4.924114,1.205686,0.7500759,0.2274063,3.757092,2.644058,8.109317,9.277063,,0.1171872276,0,0.4293370212,0.5322139422,2.656922208,0.8338742333,0.07291213713,0.1373204578,5.137004555,0.364917397,1.633297525,0,2.744012531,1.03679931,0,1.609870362,0,1.210205235,4.556922164,4.556922164,3.38196723,12.59108965,0.8972668359,0.6094341643,0.2374535489,0.4677862027,3.95665004,1.50670158,1,0.6023709459,5.209917721,2.744012531,6.803926999,14.20096001
FID_019_23,WT,pnd70,F,17.4,180,-2.05,23,N,,2.321088,0,3.529942,6.392312,22.88496,3.852481,0,2.805024,40.33404,3.985083,18.90466,0,0.8478005,11.67489,0,23.23011,19.50357,4.264352,61.76165,23.64469,116.5774,7.559704,4.784221,1.785721,5.899024,0,44.08376,12.34392,12.29134,5.770804,40.33404,20.35137,77.7009,139.8075,,3.052836,1.73495,4.501026,3.106096,7.088685,4.558204,4.137696,2.067357,6.666547,1.91633,5.47076,1.592844,48.44103,45.51604,14.33462,30.23964,46.84606,32.90921,73.86955,18.84518,41.46905,2.752318,2.625591,2.030974,3.247885,0.2596703,7.259755,1.493956,1.214711,0.3307613,3.452424,3.649801,11.63063,14.01146,,0.1888392966,0,0.2871893545,0.5200663231,1.861876736,0.3134305129,0,0.2282114074,3.281500634,0.3242187589,1.538047113,0,0.06897543311,0.9498468027,0,1.889957482,1.586773289,0.3469395526,5.024810151,1.923686921,9.484515114,0.6150431117,0.3892351037,0.1452828577,0.4799333514,0,3.586570708,1.004277809,1,0.4695016166,3.281500634,1.655748682,6.321597157,11.37447178
FID_024_18 ,HET,pnd30,M,18.9,180,-2,18,N,,3.328068,0,3.779254,5.264224,22.39157,2.173953,0,2.502167,34.08208,3.18014,10.61843,0,0,5.098494,0,18.36602,14.6836,9.868811,34.6288,12.96439,107.992,4.762471,2.383057,2.394319,3.505167,0,39.38143,7.145528,8.769391,5.574459,34.08208,14.6836,49.5961,126.358,,1.901482,1.395495,3.08516,1.563776,3.10117,3.030837,2.736265,1.357685,4.067475,1.126067,3.219758,1.314603,84.52177,99.62979,16.29926,23.14534,98.46065,130.7957,60.8975,16.07522,31.22618,1.532521,1.396255,1.021677,1.638772,0.1987558,4.639548,0.9547456,0.762853,0.2081951,2.222102,2.904036,9.105257,9.56077,,0.3795095919,0,0.4309596869,0.6002952771,2.553377994,0.2479023914,0,0.2853296198,3.886481969,0.3626409177,1.210851472,0,0,0.5813965873,0,2.094332434,1.674415019,1.125370165,3.948826093,1.478368338,12.31465218,0.5430788751,0.2717471487,0.2730313884,0.3997047229,0,4.490782769,0.8148260238,1,0.6356723061,3.886481969,1.674415019,5.655592275,14.40898233
FID_026_17,HET,pnd30,M,20.1,180,-1.9,17,N,,2.056204,0,2.60179,3.636964,16.32807,2.910847,0,1.675401,23.49398,2.459075,10.88154,0,5.982225,7.961895,0,13.06169,7.111773,6.416382,26.68142,10.13004,80.84602,3.725443,1.763439,1.895022,2.02239,0,27.69869,5.488882,5.659354,4.354096,23.49398,13.094,41.0597,93.90771,,1.625461,1.194762,2.695736,1.416368,3.307421,2.518825,2.365162,1.021228,3.223374,0.776385,2.835815,1.21241,450.636,52.52361,17.46868,19.63392,454.5337,116.087,77.62144,18.15549,27.00555,1.288335,1.158956,0.8908509,1.17984,0.1738078,3.541732,0.8849369,0.5894308,0.1891664,1.851428,6.351003,8.14326,8.149877,,0.363328394,0,0.4597326833,0.6426464929,2.885147315,0.5143426264,0,0.2960410322,4.15135367,0.4345151408,1.922753021,0,1.057050858,1.4068558,0,2.307982501,1.256640422,1.133765797,4.714569896,1.789964014,14.28537957,0.6582806094,0.3115972247,0.3348477582,0.3573535071,0,4.894320094,0.9698778341,1,0.7693627223,4.15135367,2.313691633,7.255192024,16.59336207
FID_029_24,HET,pnd30,M,18.8,180,-1.9,24,N,,11.79341,0,5.912785,14.10638,22.48222,7.979361,19.50043,7.306479,61.78686,7.050196,34.29744,0,0,0,0,17.97281,21.16437,10.07485,58.96289,16.83502,149.5491,15.87831,3.554414,2.5973,15.04806,0,78.03824,19.43273,29.15443,9.647497,81.28729,21.16437,69.03773,167.5219,,3.153245,1.717333,4.478734,3.398063,5.906374,4.947534,8.23121,2.364069,7.481672,2.090517,5.639819,1.610244,79.32441,61.9273,11.48745,31.47385,90.66879,40.46902,34.50188,16.07223,37.3421,3.041301,2.567528,2.034677,3.860615,0.2520836,6.986929,1.407793,1.309077,0.3363393,5.153097,3.281369,2.526908,6.371943,,0.4045151972,0,0.2028091443,0.4838503102,0.7711424988,0.2736929173,0.6688667897,0.2506129943,2.119295764,0.2418224606,1.176405781,0,0,0,0,0.6164692638,0.7259401058,0.3455684093,2.022433297,0.5774429478,5.12954978,0.5446276947,0.1219167722,0.08908766181,0.5161500328,0,2.676719799,0.6665446726,1,0.3309101567,2.788162554,0.7259401058,2.368001364,5.746018701
FID_030_17,WT,pnd30,F,18.1,180,-2,17,N,,2.022828,0,2.27783,5.114167,16.43448,6.88833,0,1.188449,31.97189,2.960167,13.81599,0,0,30.60088,0,26.1441,25.66431,12.7153,65.02778,17.45048,133.6626,4.771255,2.163543,1.958486,2.561672,0,35.4271,6.934798,7.67584,4.918652,31.97189,25.66431,108.344,159.8067,,2.587485,1.395648,3.629329,2.50376,6.317318,3.866856,3.505075,1.68372,5.98587,1.581758,4.68213,1.343033,81.11154,52.99946,15.81812,27.74695,94.64052,68.21112,79.74932,16.73528,36.99703,2.218062,2.007583,1.587513,2.796626,0.2133047,6.158616,1.443096,1.008688,0.2954244,2.804053,2.900675,9.10851,10.42853,,0.2635318089,0,0.2967531892,0.6662680567,2.141065994,0.8974040626,0,0.1548298297,4.165262694,0.3856473037,1.799931994,0,0,3.986649018,0,3.406024618,3.343518104,1.656535311,8.471747718,2.273429358,17.41341664,0.6215938581,0.2818640045,0.2551494038,0.3337318131,0,4.615403656,0.9034578626,1,0.6407965773,4.165262694,3.343518104,14.11493726,20.81944126
FID_031_22,WT,pnd30,M,19.6,180,-1.8,22,N,,10.44802,0,8.104787,14.91166,26.8205,12.235,33.1173,4.201848,61.06777,8.282669,35.41542,1.230034,0,8.988348,0,16.83711,29.73074,11.14963,61.01575,23.90248,131.5045,19.93124,2.496913,1.825882,12.74973,0,86.54192,22.42816,27.66139,10.10855,94.18508,29.73074,81.15372,148.3416,,3.402152,1.827448,4.417387,5.136248,5.682887,4.717009,8.258074,2.223488,7.221159,2.00319,5.393065,9.095937,138.5939,77.71966,18.87279,30.1021,137.2664,50.41719,66.23342,18.29282,35.88983,3.222643,2.421032,1.920367,5.908493,0.2502264,6.66478,1.395821,1.173542,0.3240381,5.038246,3.526011,2.98655,6.236073,,0.3777113153,0,0.2929999902,0.5390784773,0.9696005877,0.4423132749,1.197239184,0.1519029955,2.207689852,0.2994306866,1.280319608,0.04446754122,0,0.3249420221,0,0.6086863314,1.074810051,0.4030755504,2.205809253,0.8641098658,4.754081411,0.7205436892,0.09026708347,0.06600832424,0.4609215227,0,3.128617904,0.8108110258,1,0.3654389747,3.404929398,1.074810051,2.933826536,5.362767381
FID_035_22,HET,pnd30,F,17.6,180,-1.8,22,N,,2.600629,0,3.304715,5.552296,16.68559,6.212916,0,3.663415,32.62619,3.363007,9.556008,0,0,0,0,21.62994,18.95417,11.35049,41.67732,7.16492,111.1282,5.457738,2.664666,2.444802,3.870973,0,38.31195,8.122403,9.423269,5.807809,32.62619,18.95417,53.02781,132.7581,,1.747006,1.271206,2.82733,1.45781,3.100382,2.817202,2.571203,1.265547,3.57268,0.9854179,2.923705,1.206698,99.58895,45.8206,8.78683,21.49025,117.2259,41.03858,33.92967,16.69976,29.05281,1.385411,1.262009,0.8919825,1.523927,0.1869088,4.011796,0.8668047,0.7275496,0.1869595,1.987193,2.5374,1.944925,8.842854,,0.2759794929,0,0.3506973005,0.5892112387,1.770679581,0.6593164219,0,0.388762647,3.462300609,0.3568832642,1.014086301,0,0,0,0,2.295375416,2.011421939,1.204517243,4.422809112,0.7603433586,11.79295635,0.5791767167,0.2827751176,0.2594430871,0.4107887613,0,4.065675086,0.8619517282,1,0.6163263513,3.462300609,2.011421939,5.627326356,14.08832752
FID_037_18,WT,pnd70,M,26.8,180,-1.8,18,N,,0.4703405,0,2.107586,7.89498,26.26707,10.86224,0,4.132514,52.97147,4.436485,13.28008,3.032598,18.69108,7.577462,0,37.66857,7.704317,6.852943,39.32439,23.02708,119.2453,6.633223,3.193086,3.503073,6.35819,0,56.73762,9.826309,14.25317,7.939558,52.97147,26.3954,53.7548,156.9139,,2.184512,1.954555,4.020863,2.177488,4.23819,4.339266,3.669678,1.881574,5.49615,1.52285,4.256546,5.388445,213.2516,87.52562,23.1261,30.47746,204.6226,87.23847,69.64562,22.65623,43.11212,1.986371,1.915279,1.388221,2.419629,0.2656719,5.981415,1.229087,1.070355,0.2752429,2.981468,8.287472,4.356857,13.23364,,0.03299901004,0,0.1478678778,0.5539104634,1.842893195,0.7620929239,0,0.2899364843,3.716469389,0.3112630383,0.9317281699,0.2127665635,1.311363016,0.5316334542,0,2.642820509,0.5405335795,0.4808013235,2.758992561,1.615576044,8.366230109,0.4653858054,0.2240263745,0.2457750101,0.4460895366,0,3.980701837,0.6894121799,1,0.5570380484,3.716469389,1.851896806,3.771427689,11.00905272
FID_038_22,KO,pnd70,M,23.3,180,-1.8,22,N,,1.107996,0,3.271878,9.276214,17.57079,0,21.30641,4.044918,45.8949,4.542735,23.21504,0,2.015585,0,0,27.94498,13.2264,3.492807,34.81598,16.80296,91.64633,7.126183,3.958569,2.447582,8.855941,0,50.51589,11.08475,18.13216,6.990316,67.20131,15.24198,38.30879,119.5913,,1.878298,1.454753,3.331626,1.710646,3.790224,2.077652,5.322754,1.785696,4.701328,1.404242,3.986873,1.362314,44.59974,52.03905,9.8931,22.61295,55.59496,31.95069,28.64473,15.80652,30.81774,1.510502,1.786555,1.240813,2.099421,0.2025907,5.07102,0.839901,0.9207064,0.2275514,3.57702,7.503273,2.522612,11.59443,,0.06110667455,0,0.1804461245,0.5115890219,0.9690400923,0,1.175061879,0.2230797655,2.531132529,0.2505346853,1.280324021,0,0.1111607773,0,0,1.541183179,0.7294442582,0.1926304974,1.92012314,0.9266937861,5.054352598,0.3930134634,0.2183175639,0.1349856829,0.4884107023,0,2.785983027,0.611330917,1,0.3855203131,3.706194408,0.8406047597,2.112753803,6.595535226
FID_039_24,KO,pnd70,F,17.7,180,-1.8,24,N,,6.996062,0,4.081088,9.050055,28.15266,2.977696,18.19394,5.970746,45.40118,4.93227,21.50112,0,0,0,0,26.78979,14.06785,0,42.17736,11.1713,117.9253,8.478128,4.244221,2.525814,9.043688,0,59.29153,12.72235,18.09374,7.458084,63.59513,14.06785,42.17736,144.7151,,2.408492,1.201477,3.733893,1.881322,4.090683,3.978691,5.79396,1.997765,4.887346,1.509539,4.413355,1.178591,68.94598,17.33738,6.330763,25.84315,80.80126,7.73586,14.23473,13.55539,35.05617,1.724603,1.872809,1.38594,2.265416,0.2257959,5.565105,0.9845099,0.9935985,0.2536756,3.860061,2.676276,1.36782,12.20889,,0.38665649,0,0.2255524839,0.5001760277,1.55593371,0.1645705089,1.005537827,0.3299895986,2.509220316,0.2725953838,1.18831817,0,0,0,0,1.480610974,0.7774981845,0,2.331047091,0.617412431,6.517464051,0.4685669187,0.2345684751,0.139596015,0.4998241381,0,3.276908478,0.7031354491,1,0.4121913988,3.514758696,0.7774981845,2.331047091,7.998075578
FID_040_21,KO,pnd70,F,19,180,-1.8,21,N,,5.319022,0,3.909088,8.755532,15.59448,0.7366451,7.435008,4.48853,50.39768,4.216041,18.69648,0.6530924,3.298618,0,0,34.14297,17.15609,7.448375,40.17795,16.28889,124.8378,6.964846,3.496055,2.396439,8.421291,0,49.84778,10.4609,17.17682,6.61248,57.83269,20.45471,47.62633,158.9808,,1.969633,1.534192,3.2205,1.591366,3.318335,3.276768,4.753357,1.686577,4.391549,1.095816,3.756752,4.080008,49.34125,77.11102,15.82144,23.10294,60.92296,44.96375,35.70444,16.93187,31.94023,1.447231,1.416397,1.014601,1.862023,0.2077306,4.595237,0.8855753,0.8533355,0.2049307,3.354191,7.935045,2.992553,10.66115,,0.3096627897,0,0.2275792609,0.5097295076,0.9078793397,0.04288599985,0.4328512495,0.2613132116,2.934051821,0.2454494487,1.088471556,0.03802172928,0.1920389222,0,0,1.987735215,0.998793141,0.4336294495,2.339079643,0.9483064968,7.267806264,0.4054793611,0.2035333083,0.1395158708,0.4902706671,0,2.902037746,0.6090126112,1,0.3849653195,3.366903187,1.19083218,2.772709384,9.255543226
FID_041_27,WT,pnd70,M,25.4,180,-1.8,27,N,,2.313365,0,2.530143,9.034834,15.79879,5.280784,2.277654,4.641181,51.93181,0,17.53401,1.202123,8.778367,4.310635,0,50.44428,14.14585,6.008602,43.81011,19.99379,127.2612,6.223919,3.126053,5.827498,9.220421,0,55.56364,9.349971,18.25526,5.827498,54.20946,22.92422,54.12935,177.7055,,2.296725,1.959272,3.991597,2.091098,4.476767,4.0872,6.029805,2.119753,5.547413,2.105144,4.31584,5.20367,318.5982,86.32516,20.64808,28.30245,313.9695,67.46495,63.51457,22.72942,39.97969,1.736007,1.771547,2.206638,2.32375,0.2607027,5.625097,1.085965,1.125337,0.2163012,4.179421,8.701359,3.177335,14.05795,,0.126723202,0,0.138598026,0.4949167528,0.8654376875,0.2892746529,0.1247669987,0.2542380114,2.844758716,0,0.9604908394,0.06585077397,0.4808678156,0.2361311206,0,2.763273709,0.7748917298,0.3291436003,2.399862286,1.095234469,6.971207203,0.3409383926,0.1712412203,0.3192229527,0.5050829733,0,3.043705759,0.5121795581,1,0.3192229527,2.969525496,1.25575971,2.965137171,9.734482007
FID_042_17,KO,pnd70,M,22.2,180,-1.8,17,N,,4.122622,0,3.396592,5.289038,16.85337,3.947179,0,2.532929,32.26676,3.190118,12.94983,0,2.922745,12.58423,0,26.47092,16.55939,7.926294,42.46651,17.84206,130.5369,4.687515,1.81588,2.106233,3.595579,0,36.32913,6.503394,8.884618,5.296351,32.26676,19.48214,62.97703,157.0078,,1.851239,1.357881,2.958768,1.501808,3.027767,2.887565,2.682989,1.174926,3.708959,0.8472974,3.255035,1.371976,436.5599,236.6928,18.33155,23.20628,442.3621,131.1174,138.8429,22.15641,30.4376,1.376496,1.249403,0.7694359,1.698432,0.2044495,3.907722,0.8985291,0.7214614,0.1814182,2.021224,7.739734,8.766963,9.640003,,0.464017924,0,0.3823002857,0.5953028031,1.896915545,0.4442710987,0,0.2850914918,3.631755468,0.3590607947,1.457556194,0,0.3289668729,1.416406423,0,2.979410032,1.863826897,0.8921367244,4.779778939,2.008196638,14.69246061,0.5275989356,0.2043847017,0.2370651164,0.4046970843,0,4.088991783,0.7319835248,1,0.5961259111,3.631755468,2.192794333,7.088321636,17.67186839
FID_043_25,HET,pnd70,F,15,180,-2,25,N,,1.023441,0,3.791949,5.710153,13.22754,0,25.22596,3.168183,42.70586,4.926377,24.50922,2.153038,1.494052,0,0,15.87896,9.169416,0,21.05497,5.773913,58.02555,7.595822,1.096649,1.831643,10.46063,0.2576921,47.46628,8.692472,16.17079,6.75802,67.93182,10.66347,21.05497,73.90451,,2.666921,1.43787,4.297109,9.869275,6.227621,2.537016,7.573239,2.31856,7.242465,1.954476,5.434027,4.702278,96.06067,20.69128,8.356137,30.97934,109.0846,8.785105,20.44012,15.52777,40.1016,2.333241,2.080489,1.950684,10.24299,0.5998524,6.56666,1.24981,1.157222,0.3482546,5.069079,7.142853,1.801026,13.50405,,0.06328948678,0,0.2344937384,0.3531152776,0.817989721,0,1.559970787,0.1959201127,2.640926015,0.3046466499,1.515647659,0.1331436498,0.0923920229,0,0,0.9819532626,0.9819532626,0.5670357478,1.302037192,0.3570581895,3.588294078,0.4697248557,0.06781666202,0.1132686158,0.6468842895,0.01593565311,2.935309901,0.5375415796,1,0.4179152657,4.200896802,0.6594278944,1.302037192,4.570247341
FID_044_19,WT,pnd70,F,18.4,180,-1.8,19,N,,0,0,3.588696,1.275311,25.20579,0,0,2.184276,40.69864,3.282782,11.20412,0,3.645648,7.343275,0,30.15934,14.03006,5.609567,34.44641,12.23149,120.1566,5.076497,3.067705,2.688624,6.250104,0,39.10281,8.144202,7.525415,5.971406,40.69864,17.67571,47.39925,150.3159,,1.379033,1.555805,3.29698,2.425205,4.360061,2.246207,3.150327,1.401232,4.779756,1.218806,3.427894,1.448556,74.52532,57.50616,16.29083,25.05347,73.99024,84.45839,64.23973,17.6709,35.68071,1.7036,1.607763,1.380102,2.257203,0.2177887,5.082733,1.091971,0.6578823,0.2515334,2.560018,8.31751,10.59087,11.17886,,0,0,0.4768768234,0.1694671988,3.349421926,0,0,0.2902532286,5.408158886,0.436226042,1.488837493,0,0.4844447781,0.9757966836,0,4.007664694,1.864356982,0.7454162993,4.577343575,1.625357538,15.96677393,0.6745803388,0.4076459571,0.3572725225,0.8305328012,0,5.196100149,1.082226296,1,0.7934985645,5.408158886,2.348802026,6.298556292,19.9744333
FID_045_22,HET,pnd70,M,23.5,180,-1.8,22,N,,2.912952,0,3.243411,6.432717,27.09529,0,0,4.247522,41.66606,3.838428,15.2074,0,8.00749,0,0,29.70563,20.34517,7.272726,35.09213,25.21859,116.0114,8.542462,4.060745,2.640641,6.132751,0,44.44994,12.60321,12.56547,6.479069,41.66606,28.35266,42.36485,145.7171,,2.160997,1.597827,3.621487,1.791932,3.81907,2.293581,3.209152,1.616244,4.449637,1.330623,3.819211,1.502707,48.11673,56.98416,10.97408,27.08038,59.82009,35.57565,31.91223,16.98491,37.66812,1.932659,1.781433,1.218552,2.022257,0.2263917,5.020379,1.17593,0.9180086,0.2345896,2.56057,8.518693,2.804275,11.18314,,0.2318219693,0,0.2581209457,0.5119360438,2.15632921,0,0,0.3380312873,3.315917351,0.3054742879,1.210253178,0,0.6372614793,0,0,2.364068356,1.619133228,0.5787866272,2.792743129,2.006975465,9.232555567,0.6798362497,0.3231669806,0.2101505952,0.4880637971,0,3.537467361,1.003003469,1,0.5156248831,3.315917351,2.256394707,3.371529278,11.59662949
FID_046_20,WT,pnd70,M,25.4,180,-1.8,20,N,,0.5406665,0,2.775834,5.224644,20.37821,9.01566,0,2.028716,39.5602,3.423397,10.80535,0,7.682983,8.632268,0,21.32465,11.24742,6.993118,36.28137,19.12067,117.4937,5.011756,2.096408,2.836456,4.258057,0,43.23237,7.108164,9.482701,6.259853,39.5602,18.9304,51.90675,138.8184,,1.956983,1.537085,3.31013,1.898729,3.494716,3.5065,2.989995,1.444171,4.441779,1.151395,3.562303,1.486938,523.3073,55.34813,19.28191,25.44298,534.9691,92.68021,88.96809,17.55241,34.44546,1.647223,1.499236,1.041646,2.422782,0.2220186,4.938252,1.038404,0.8699111,0.2215449,2.385872,8.207934,10.61982,10.50487,,0.05701608645,0,0.2927260914,0.5509658061,2.148987931,0.9507481044,0,0.2139386236,4.171828259,0.3610149682,1.139480197,0,0.8102104031,0.9103174296,0,2.248794937,1.186098771,0.7374605611,3.82605863,2.016373816,12.39032002,0.5285156624,0.2210770961,0.2991189957,0.4490341939,0,4.55907763,0.7495927584,1,0.6601339639,4.171828259,1.996308858,5.473835988,14.63912023
FID_047_21,WT,pnd70,F,21.8,180,-1.8,21,N,,1.555088,0,5.488422,8.414709,19.018,3.365958,4.285129,3.537242,47.61498,3.906103,17.09808,0,13.49338,25.66299,0,33.73479,12.01587,7.189355,40.53662,21.39432,94.87834,8.332369,3.822946,2.705063,8.814452,0,46.26838,12.15531,17.22916,6.611166,51.9001,25.50924,73.38897,128.6131,,1.791266,1.53933,3.383033,1.740458,3.514492,3.366732,5.081574,1.791859,4.668864,1.255316,3.876538,1.629235,511.1366,173.7929,20.75641,24.25341,519.5549,65.31837,141.0333,18.10018,33.99888,1.614583,1.618587,1.145613,2.13425,0.2151556,4.85177,0.9866452,0.9176864,0.2232151,3.615765,8.104212,10.54127,11.16798,,0.09025907241,0,0.3185542418,0.4883992603,1.103826304,0.1953640224,0.2487137504,0.2053055401,2.763627478,0.2267146512,0.992391968,0,0.783171089,1.489509065,0,1.958005498,0.6974147318,0.4172783235,2.35279143,1.241750613,5.506846532,0.4836201533,0.2218881246,0.1570049265,0.5116007977,0,2.685469286,0.7055079876,1,0.3837195777,3.012340706,1.48058524,4.259579109,7.464850289
FID_049_24,HET,pnd70,M,22.6,180,-1.8,24,N,,3.040485,0,3.504701,9.661097,20.36534,0,10.17017,5.563692,53.21514,5.658561,30.29242,2.296119,5.804807,0,0,20.52175,17.75218,6.480068,39.74568,22.49033,109.9842,8.811149,4.994588,3.099323,11.67281,0,55.1953,13.80574,21.33391,8.757885,63.38531,23.55699,46.22574,130.5059,,2.069733,1.683994,3.654555,1.806846,3.937521,2.268521,5.400939,1.983936,4.902153,1.523519,4.592672,5.351343,49.93648,87.22454,17.9661,25.59908,61.38612,49.20948,40.55291,18.77254,34.56333,1.714854,1.870144,1.350666,2.33008,0.2236593,5.437903,0.9285877,0.963625,0.2454225,3.74849,8.586628,3.285948,11.97853,,0.1425188819,0,0.1642784187,0.4528516807,0.9545995085,0,0.4767138326,0.260791013,2.494392261,0.2652378772,1.419918805,0.1076276688,0.2720929731,0,0,0.9619310291,0.8321109445,0.3037449769,1.86302839,1.054205722,5.155370019,0.4130114452,0.2341149841,0.1452768386,0.5471481787,0,2.587209752,0.6471265699,1,0.4105147626,2.971106094,1.104204058,2.166772992,6.117298704
FID_050_20,WT,pnd70,F,20.6,180,-1.8,20,N,,5.668957,0,4.267062,9.159234,20.149,3.161045,10.32954,5.760708,49.33801,4.995168,16.86757,0,0,0,0,32.74873,12.3422,7.872921,36.1553,13.25916,115.574,6.697821,2.958699,2.625302,9.244745,0,57.37905,9.656521,18.40398,7.62047,59.66755,12.3422,44.02822,148.3228,,2.013852,1.509936,3.287161,1.619952,3.327783,3.382043,4.665468,1.666695,4.259784,1.092479,3.738544,1.430768,79.87866,54.21386,10.47256,23.64208,88.0343,34.2828,30.36325,16.22277,32.4037,1.411065,1.35584,0.9993512,1.909762,0.2172518,4.643967,0.8262722,0.8578793,0.206755,3.15941,2.847715,2.244982,11.09362,,0.3080288611,0,0.2318553921,0.4976768069,1.094817534,0.1717587717,0.5612666391,0.3130142502,2.680833711,0.2714178129,0.9165175141,0,0,0,0,1.779437383,0.6706266797,0.4277836098,1.964537019,0.7204506851,6.279837296,0.3639332905,0.1607640847,0.142648601,0.5023231388,0,3.117752247,0.5246974296,1,0.4140664139,3.24210035,0.6706266797,2.392320574,8.059278482
FID_052_26,KO,pnd70,M,22.5,180,-1.8,26,N,,0.5060354,0,2.588206,6.589721,17.18356,9.828144,4.115541,4.590881,39.18619,3.66534,11.16637,0,5.445168,4.448817,0,27.53881,10.4319,7.059978,32.81873,18.76771,91.58812,5.237823,2.91301,2.636271,6.404145,0,43.78633,8.150833,12.99387,6.301611,43.30173,15.87707,44.32752,119.1269,,1.669386,1.483919,3.138879,1.619767,3.230951,3.340593,4.211446,1.539612,4.20261,1.087085,3.444509,1.398235,366.7221,70.4846,15.38269,23.91174,378.9808,80.7085,65.04879,18.42315,32.76814,1.513013,1.403854,0.9898901,1.806446,0.2118773,4.451612,0.9240553,0.8186878,0.208133,2.879522,7.9674,10.28581,10.34468,,0.03894416367,0,0.1991866934,0.5071407518,1.322435887,0.7563677334,0.316729427,0.3533112922,3.015744347,0.2820822434,0.8593567582,0,0.4190566783,0.3423781368,0,2.119369364,0.8028324125,0.5433314324,2.525708661,1.444351067,7.048563669,0.4030995385,0.2241834034,0.2028857454,0.4928589404,0,3.369768206,0.6272829419,1,0.4849679888,3.332473697,1.221889245,3.411417845,9.167930724
FID_055_22,HET,pnd30,F,16.7,0,0,22,N,,6.366339,0,4.407781,6.054406,14.50707,8.763054,0,5.214494,35.96559,5.550277,15.71992,1.280566,14.93003,0,0,28.14164,9.07083,2.801565,25.90519,21.07104,92.16456,9.886164,0.3065054,1.307707,9.424253,0,42.30816,10.19267,15.47866,6.857984,35.96559,24.00086,28.70675,120.3062,,3.185054,1.575699,4.191661,6.831008,6.10916,4.503008,3.781587,2.107649,5.83169,2.018831,4.555626,6.763342,214.6271,77.29918,17.7072,29.05812,210.8808,35.27786,37.20456,17.2903,36.93779,3.046583,2.209711,1.922819,7.36112,0.2358163,6.201179,1.291029,1.267558,0.3423621,3.135638,8.577848,3.367773,12.9771,,0.4112978126,0,0.2847650249,0.3911453575,0.9372303546,0.5661377664,0,0.3368827793,2.323559662,0.3585760654,1.015586621,0.08273106328,0.9645557174,0,0,1.818092781,0.5860216582,0.1809953187,1.673606759,1.361296133,5.954298369,0.6386963729,0.01980180455,0.08448450964,0.6088545779,0,2.733321877,0.6584982163,1,0.443060575,2.323559662,1.550577376,1.854601755,7.77239115
FID_057_35,HET,pnd30,M,18.2,0,0,35,N,,0.9036718,0,1.587084,3.718281,10.28823,2.069826,8.646316,2.374243,12.65639,1.311799,15.01055,2.524252,0,4.185143,0,0,3.332394,0,5.43857,2.378861,11.58523,1.682277,2.037167,1.182514,3.653388,0,18.5255,3.719444,7.371669,2.494313,21.30271,3.332394,9.623713,11.58523,,2.102636,1.134634,2.695749,14.60736,4.692938,3.0956,4.628601,1.593644,4.109715,1.385113,4.386895,5.257512,65.16065,34.56892,7.518992,6.299975,75.13587,27.32524,30.2111,13.80441,20.15323,1.384316,1.592508,1.341604,13.75682,0.1745261,4.809469,0.7071263,0.7111926,0.2063518,3.040376,2.061277,4.032851,4.82159,,0.1225871373,0,0.2152950709,0.5044015134,1.395644596,0.2807811908,1.172911589,0.3220767237,1.716896133,0.1779514246,2.036248508,0.3424261182,0,0.56773344,0,0,0.4520542092,0,0.7377664407,0.3227031762,1.571588469,0.2282084288,0.2763508508,0.1604133338,0.4955984866,0,2.513067258,0.5045592796,1,0.3383647584,2.889808265,0.4520542092,1.305499881,1.571588469
FID_058_18,HET,pnd30,F,19.5,0,0,18,N,,0.7504641,0,3.781044,4.876544,20.88004,7.769571,0,1.97111,34.16103,2.736005,13.03574,0,5.469548,7.869007,0,8.543339,27.70174,22.36888,52.94105,23.40499,119.89,8.977599,7.6868,2.020301,3.482465,0,31.40586,16.6644,8.359009,4.756306,34.16103,33.17129,83.17893,128.4333,,2.917797,1.612428,4.343197,4.872979,7.014856,4.507722,4.010545,1.878191,6.351925,1.709303,4.602188,1.496389,59.36098,104.0017,17.70176,30.23544,65.17113,136.0145,66.21867,18.90574,41.08666,3.124691,2.875113,1.835669,5.527074,0.2381932,6.404893,1.976927,1.045965,0.3125162,3.273922,8.474338,10.82458,12.57798,,0.08977907549,0,0.4523316101,0.5833878155,2.497908544,0.9294847033,0,0.2358066608,4.086732052,0.3273121252,1.559483905,0,0.6543297178,0.9413803718,0,1.022051657,3.313998107,2.676020567,6.33341225,2.799971863,14.34260927,1.074002791,0.9195826922,0.2416914493,0.4166121845,0,3.757127191,1.993585603,1,0.5690035745,4.086732052,3.968328064,9.950812351,15.36465626
FID_063_23,WT,pnd30,M,21.8,0,0,23,N,,8.475116,0,3.628325,10.96966,19.37012,4.319013,2.534697,9.954695,57.28104,6.380764,26.76451,2.676246,6.319438,3.869674,0,31.28807,19.2619,0,56.32157,23.19675,120.4906,11.96882,5.101021,1.842338,13.96712,0,60.58631,17.06984,24.93679,8.223102,59.81573,25.58134,60.19125,151.7787,,3.069267,2.035047,4.57094,2.472973,5.010662,4.767272,7.120603,2.64241,6.337078,2.236065,5.098899,7.549721,239.8527,62.47015,13.57444,30.54497,237.2635,21.74883,72.51754,24.23619,42.09337,2.63482,2.915614,2.098793,3.237814,0.2715754,6.692022,1.145122,1.273252,0.32778,4.72528,6.852432,3.421144,14.70566,,0.339863952,0,0.1455008844,0.4398986397,0.7767687822,0.1731984349,0.1016448789,0.39919713,2.29704946,0.2558775207,1.073294117,0.1073211909,0.2534182627,0.1551793154,0,1.254695171,0.7724290095,0,2.258573377,0.9302219732,4.831840826,0.4799663469,0.2045580446,0.073880319,0.5601009593,0,2.429595389,0.6845243514,1,0.3297578397,2.398694058,1.025847352,2.413752933,6.086537201
FID_070_22,HET,pnd70,F,19.4,0,0,22,N,,2.298412,0,5.072388,10.87389,20.26821,1.388835,31.22866,4.497083,65.36168,6.218672,32.0834,0.8617549,0,0,0,0.06655279,24.45579,13.49024,71.0996,9.782996,96.87535,15.79607,6.40411,3.203292,12.69603,0,63.23186,22.20018,23.56992,9.421964,96.59034,24.45579,84.58985,96.9419,,2.25741,1.644657,3.662982,2.46222,5.649296,4.174053,6.62736,2.012576,6.363507,1.730431,5.021446,6.480387,83.00652,93.11133,18.42266,7.990015,94.04022,56.06589,39.56496,17.74437,23.75623,2.634616,2.512881,1.656439,2.901581,0.2276608,6.139478,1.28682,0.9052502,0.2840671,4.751777,2.967711,2.687186,6.893887,,0.09751462882,0,0.2152059914,0.4613460716,0.8599184893,0.05892404387,1.324937038,0.1907975504,2.773097236,0.2638393342,1.361201056,0.03656163873,0,0,0,0.002823632409,1.037584769,0.5723498425,3.016539725,0.415062758,4.110126381,0.6701791945,0.2717069044,0.1359059343,0.5386539284,0,2.682735453,0.9418860989,1,0.3997452685,4.098034274,1.037584769,3.588889992,4.112949895
FID_072_20,HET,pnd70,M,23.7,0,0,20,N,,0,0,4.271278,2.20821,15.54872,0,9.538563,0.6709183,32.16754,1.892938,7.535745,0,0.9824377,0,0,0,9.050941,3.044495,18.45798,6.528393,53.72189,3.823437,3.811041,1.572869,4.656377,0,25.46387,7.634478,6.864586,3.465807,41.70611,10.03338,21.50248,53.72189,,0.9365255,1.359568,2.883159,1.809255,3.293029,1.766443,4.835828,1.23384,4.096507,1.629012,2.988,1.267842,87.82239,47.89657,9.236104,6.659808,97.15711,28.81851,26.69724,14.60313,21.04979,1.353131,1.310702,1.685557,1.95649,0.1889495,4.152127,0.8336417,0.5165596,0.2310397,3.392034,7.212412,2.325061,5.589298,,0,0,0.6222193152,0.3216814532,2.265063035,0,1.389532158,0.09773616355,4.686013111,0.2757541387,1.097771228,0,0.1431168172,0,0,0,1.318497721,0.4435074453,2.688870094,0.9510250145,7.825947552,0.5569799839,0.555174194,0.2291280202,0.6783186925,0,3.709454583,1.112154178,1,0.504882159,6.075546289,1.461614728,3.132378267,7.825947552
FID_074_21,KO,pnd70,F,20.4,0,0,21,N,,2.634537,0,9.714029,8.50087,20.68789,0,39.13996,2.58949,60.89653,3.970895,23.57174,1.150477,0,0,0,0,19.8415,19.3413,0,20.81497,50.10822,16.17313,4.193096,5.007091,13.04033,0,54.0162,20.36622,21.5412,8.977986,100.0365,19.8415,19.3413,50.10822,,2.52187,1.121258,3.887612,5.590275,4.446811,2.374154,6.433093,2.234845,5.499847,2.058763,4.498117,3.98034,63.94104,23.93533,6.576422,8.767979,58.8988,25.30271,6.231651,12.83208,27.24611,1.838165,1.453573,1.977394,6.684605,0.2389467,5.843086,1.102444,0.8094494,0.2821525,4.591879,3.411156,2.708232,6.983358,,0.1223022394,0,0.4509511541,0.3946330752,0.9603870722,0,1.816981412,0.1202110375,2.826979463,0.1843395447,1.094263087,0.0534082131,0,0,0,0,0.9210953893,0.8978747702,0,0.966286465,2.326157317,0.7507998626,0.1946547082,0.2324425287,0.6053669248,0,2.50757618,0.9454542922,1,0.4167820734,4.643961339,0.9210953893,0.8978747702,2.326157317
FID_075_26,HET,pnd70,F,21.6,0,0,26,N,,1.799826,0,6.79062,12.31854,27.07237,0,24.24938,2.329837,60.89083,5.247443,30.23825,0,0,0,0,0,37.32704,23.24539,55.88445,27.82752,99.68891,13.32709,9.109642,3.009601,12.99346,0,29.33877,22.43673,25.31199,8.257044,85.14021,37.32704,79.12983,99.68891,,2.279184,1.549682,3.681213,9.33162,5.570768,2.194577,6.848293,2.019725,6.015002,1.737025,4.554266,1.456179,73.97923,55.97741,10.41185,8.068091,83.98772,36.90791,30.92574,16.14246,26.49689,2.496597,2.795139,1.626131,9.40272,0.223282,5.493595,1.182876,0.983389,0.285777,4.714241,2.922708,2.280976,6.524522,,0.07110566968,0,0.2682768127,0.4866681758,1.069547278,0,0.9580194998,0.09204479774,2.405612123,0.207310567,1.1946216,0,0,0,0,0,1.474678206,0.9183548982,2.207825224,1.099380965,3.93840666,0.5265129292,0.3598943426,0.1189002129,0.5133322192,0,1.159085872,0.8864071928,1,0.32621078,3.363631623,1.474678206,3.126179727,3.93840666
FID_076_21,HET,pnd70,F,21.7,0,0,21,N,,0,0,10.33193,7.043215,12.81197,7.276157,16.19077,0.3770822,40.43444,3.39287,11.40669,0.1503074,0,0,0,0,23.30951,9.142091,54.55916,5.182429,85.16424,7.266149,7.145591,2.471017,5.918371,0,35.02494,14.41174,12.96159,5.863887,56.62521,23.30951,63.70125,85.16424,,0.906026,1.529844,3.212157,1.565497,3.240257,3.754808,4.548666,1.357555,4.306669,1.271856,3.458025,3.168327,67.72897,63.21742,13.40766,7.298521,77.27321,39.07054,32.19668,16.34767,23.33797,1.249243,1.567191,1.136279,1.527685,0.2117601,4.434043,0.9499773,0.7221757,0.2234176,3.287854,2.785788,2.404586,5.821299,,0,0,0.7971190263,0.5433912815,0.9884566631,0.5613629964,1.249134558,0.02909227957,3.119558634,0.2617634102,0.8800378657,0.01159637051,0,0,0,0,1.798352671,0.7053217236,4.20929531,0.3998297277,6.570508711,0.5605908689,0.5512896952,0.1906415031,0.4566084099,0,2.702210146,1.111880564,1,0.4524049133,4.368693193,1.798352671,4.914616957,6.570508711
FID_077_22,HET,pnd70,M,26.5,0,0,22,N,,0.4385091,0,2.014274,3.895316,13.85864,2.365959,7.473308,0.5639057,24.16468,2.166113,11.38181,0,0.2512385,6.591277,0,1.535569,20.96334,10.01116,32.45332,14.84969,74.33978,6.11019,6.258251,1.511862,3.167631,0,25.76542,12.36844,7.062947,3.677975,31.63798,21.21458,49.05576,75.87535,,2.289309,1.267751,3.382119,2.279682,6.22463,3.402361,7.041822,1.514891,6.777429,1.453111,4.107138,1.184491,56.42861,82.87907,14.60318,22.90966,65.29534,111.1604,57.1537,14.46319,31.3272,2.215096,2.783582,1.492724,2.548915,0.1833282,5.110465,1.48768,0.93126,0.2426713,4.054441,2.98628,8.299153,10.48456,,0.06208585453,0,0.2851888879,0.5515142617,1.962161121,0.3349818426,1.058100535,0.07984000163,3.421331068,0.3066868547,1.611481723,0,0.03557134154,0.933219094,0,0.2174119387,2.968072676,1.417419669,4.594869535,2.102477903,10.52532038,0.8651048918,0.8860679544,0.2140554077,0.4484857383,0,3.647970174,1.751172705,1,0.5207422624,4.47943047,3.00364423,6.945508723,10.74273246
FID_080_21,WT,pnd70,F,23.1,0,0,21,N,,0,0,7.518445,5.915907,14.0626,5.979959,5.567906,1.718534,32.37075,2.759674,8.529323,0,22.41057,4.166077,0,5.836926,3.928485,1.48091,35.8743,6.130103,88.55846,5.371584,2.664576,2.256014,2.996815,0,30.42314,8.036161,8.912722,5.015688,37.93866,26.33905,41.52128,94.39539,,1.148997,1.439288,3.269054,1.712965,3.202759,3.560296,4.181997,1.492119,4.453343,1.184468,3.431716,1.316041,252.6103,32.41109,12.6408,23.49473,236.9237,26.18061,62.27489,15.86966,32.41757,1.609907,1.498374,1.065881,1.619841,0.2107821,4.622382,1.026485,0.7459494,0.2199911,3.077717,8.034506,8.975749,10.28437,,0,0,0.8435632795,0.663759848,1.577812031,0.6709464292,0.6247144251,0.1928180863,3.631971243,0.3096331289,0.9569829509,0,2.514447326,0.4674303765,0,0.6548982455,0.4407727516,0.166156871,4.025066641,0.6877924612,9.936185601,0.6026872599,0.2989632124,0.2531228956,0.336240152,0,3.41345102,0.9016505844,1,0.5627560245,4.256686117,2.955219517,4.658653103,10.5910843
FID_082_28,HET,pnd30,M,20.5,0,0,28,N,,0.04277032,0,2.920026,3.247581,7.419047,4.315394,5.757743,0,25.41494,2.183186,13.15698,0,9.041795,2.360652,0,0,0.06476173,11.97712,14.91659,11.04579,37.39465,5.655747,1.495004,1.212563,3.24782,0,20.40887,7.150751,6.495401,3.395749,31.17269,9.106557,29.25436,37.39465,,1.808041,1.186542,2.809894,1.405948,4.854361,3.369053,5.333703,0.9626518,4.932851,1.260284,3.903397,1.100503,99.19059,39.70294,8.415086,5.883184,92.03641,33.65152,39.24587,12.55306,18.83324,1.762261,1.45784,1.265684,1.307589,0.1722629,4.572909,0.878475,0.6397359,0.2184687,3.080018,2.476214,7.970577,4.932525,,0.006584708165,0,0.4495528452,0.4999816024,1.142199997,0.6643768414,0.8864338014,0,3.912759197,0.3361125818,2.025583948,0,1.3920303,0.3634343746,0,0,0.009970397517,1.843938504,2.296484851,1.700555516,5.757096444,0.8707309987,0.2301634649,0.1866802373,0.5000183976,0,3.142049275,1.100894464,1,0.5227928191,4.799194076,1.402000739,4.503857422,5.757096444
FID_083_25,KO,pnd30,M,21.4,0,0,25,N,,0,0,4.826489,5.919951,16.58896,0,18.77102,0.6630766,32.42561,1.128955,4.805277,0,2.29943,14.25674,0,0,9.427526,9.84417,25.87555,13.30048,10.49805,8.242033,5.358152,2.929229,2.764904,0,21.62652,13.60018,8.684855,4.058184,51.19663,11.72696,49.97646,10.49805,,1.183361,1.422888,3.298326,2.449056,5.498951,2.018975,7.058795,1.820999,6.860528,1.40146,3.355952,1.347602,54.98888,76.71552,15.33378,7.219495,67.39134,120.8302,64.33533,15.32239,25.42882,2.165034,2.110076,1.521353,1.970205,0.1917676,4.40767,1.34883,0.7599438,0.2460725,4.595892,7.531929,10.39855,5.966721,,0,0,0.5557362788,0.6816407413,1.910102126,0,2.161350995,0.07634860916,3.733581044,0.1299912319,0.5532938662,0,0.2647631998,1.641563388,0,0,1.085513345,1.133486972,2.979387681,1.531456772,1.208776658,0.9490121597,0.6169535358,0.3372801273,0.3183592587,0,2.490141747,1.56596512,1,0.4672713592,5.89493204,1.350277005,5.754438042,1.208776658
FID_087_30,HET,pnd30,M,19.5,0,0,30,N,,0.9915737,0,2.707265,5.665892,8.838625,0,14.88419,3.58607,23.07715,2.182885,18.17028,0.9497783,0,0,0,0,5.329892,8.699538,11.8171,5.166179,20.44701,4.212611,1.851496,2.254657,6.525175,0,31.34617,6.064107,12.19107,4.437543,37.96134,5.329892,20.51664,20.44701,,1.926018,1.170142,2.396283,2.420983,4.787164,1.713523,5.327615,1.628695,4.487728,1.508073,4.168208,5.10193,38.21817,61.39478,13.08709,6.022002,34.1042,34.02922,25.36843,12.88117,18.89214,1.218816,1.030314,1.62439,2.137174,0.1700621,4.94456,0.7132706,0.6983262,0.2123824,3.44984,2.291772,2.013175,4.803651,,0.08133606812,0,0.2220695148,0.4647575643,0.7250081412,0,1.220909239,0.2941554761,1.892955253,0.1790560632,1.49045818,0.07790770621,0,0,0,0,0.4371964069,0.7135992165,0.9693242677,0.423767479,1.67721209,0.3455489141,0.1518731334,0.1849433233,0.5352421896,0,2.57124026,0.4974220474,1,0.3639994685,3.113864493,0.4371964069,1.682923648,1.67721209
FID_092_34,WT,pnd30,M,19.5,0,0,34,N,,2.910469,0,5.133208,11.22158,30.28444,4.526942,24.88212,7.233676,61.71695,6.133092,27.75871,0,0,0,0,33.52925,15.26872,14.45575,78.17211,11.70329,100.508,11.99454,6.995193,3.864909,11.60836,0,68.4497,18.98973,22.82994,9.998001,86.59907,15.26872,92.62786,134.0372,,2.695448,1.888681,4.46814,2.564358,5.197058,4.730523,5.866393,2.333718,6.176313,1.974751,5.168318,1.768623,83.75699,66.35068,12.54024,30.16748,95.43976,43.33327,37.1762,17.28191,35.77299,2.043752,2.535446,1.797383,3.621399,0.2709199,6.782027,1.300032,1.288217,0.3247833,4.393842,3.520913,2.772506,15.08552,,0.1274847415,0,0.2248454442,0.4915291061,1.326522978,0.198289702,1.089889855,0.3168504166,2.703333868,0.2686424931,1.215890624,0,0,0,0,1.468652568,0.6688024585,0.6331926409,3.424104925,0.5126290301,4.402464483,0.5253864005,0.3064043532,0.1692912465,0.5084708939,0,2.998242659,0.8317906223,1,0.4379337396,3.793223723,0.6688024585,4.057297566,5.871114861
,,,,,,,,,,,,,,,,,,,,,,,,,,,,,,,,,,,,,,,,,,,,,,,,,,,,,,,,,,,,,,,,,,,,,,,,,,,,,,,,,,,,,,,,,,,,,,,,,,,,,,,,,,,,,,,,,
,,,,,,,,,,,,,,,,,,,,,,,,,,,,,,,,,,,,,,,,,,,,,,,,,,,,,,,,,,,,,,,,,,,,,,,,,,,,,,,,,,,,,,,,,,,,,,,,,,,,,,,,,,,,,,,,,
,,,,,,,,,,,,,,,,,,,,,,,,,,,,,,,,,,,,,,,,,,,,,,,,,,,,,,,,,,,,,,,,,,,,,,,,,,,,,,,,,,,,,,,,,,,,,,,,,,,,,,,,,,,,,,,,,
,,,,,,,,,,,,,,,,,,,,,,,,,,,,,,,,,,,,,,,,,,,,,,,,,,,,,,,,,,,,,,,,,,,,,,,,,,,,,,,,,,,,,,,,,,,,,,,,,,,,,,,,,,,,,,,,,
,note to chan !!!,,,,,,,,,,,,,,,,,,,,,,,,,,,,,,,,,,,,,,,,,,,,,,,,,,,,,,,,,,,,,,,,,,,,,,,,,,,,,,,,,,,,,,,,,,,,,,,,,,,,,,,,,,,,,,,,