name,genotype,age,sex,weight,rotation,shift,thal file,mrsthal_exclude,,CrCH2,Ala,Asp,Cr,GABA,Glc,Gln,GSH,Glu,GPC,Ins,Lac,Lip09,Lip13a,Lip13b,Lip20,MM09,MM12,MM14,MM17,MM20,NAA,NAAG,PCh,PCr,sIns,Tau,tNAA,tCr, tCho,Glx,tLM09,tLM13,tLM20,,CrCH2_stdev,Ala_stdev,Asp_stdev,Cr_stdev,GABA_stdev,Glc_stdev,Gln_stdev,GSH_stdev,Glu_stdev,GPC_stdev,Ins_stdev,Lac_stdev,Lip09_stdev,Lip13a_stdev,Lip13b_stdev,Lip20_stdev,MM09_stdev,MM12_stdev,MM14_stdev,MM17_stdev,MM20_stdev,NAA_stdev,NAAG_stdev,PCh_stdev,PCr_stdev,sIns_stdev,Tau_stdev,tNAA_stdev,tCr_stdev, tCho_stdev,Glx_stdev,tLM09_stdev,tLM13_stdev,tLM20_stdev,,CrCH2_tCR,Ala_tCR,Asp_tCR,Cr_tCR,GABA_tCR,Glc_tCR,Gln_tCR,GSH_tCR,Glu_tCR,GPC_tCR,Ins_tCR,Lac_tCR,Lip09_tCR,Lip13a_tCR,Lip13b_tCR,Lip20_tCR,MM09_tCR,MM12_tCR,MM14_tCR,MM17_tCR,MM20_tCR,NAA_tCR,NAAG_tCR,PCh_tCR,PCr_tCR,sIns_tCR,Tau_tCR,tNAA_tCR,tCr_tCR,tCho_tCR,Glx_tCR,tLM09_tCR,tLM13_tCR,tLM20_tCR
FID_001_16,HET,pnd70,M,23,180,-2,16,N,,5.853299,0,5.669977,4.08459,9.884489,0,1.156899,0,21.92239,1.646552,24.10319,2.804961,6.79578,32.40567,0,0,16.40177,7.91612,55.99512,17.91707,169.244,5.81338,2.12789,0,3.743475,0.7574199,15.55787,7.94127,7.828065,1.646552,23.07928,23.19755,96.31691,169.244,,2.288765,1.463405,3.21096,7.292695,5.991497,2.12575,5.8344,0.8771924,6.425624,1.427503,4.826092,6.435957,472.784,153.2999,25.46625,6.758779,483.6161,64.64604,127.7951,16.93515,21.06306,1.836176,1.492348,1.402902,6.41536,0.5590423,4.558082,0.8540952,0.7197064,0.1864784,3.522506,7.641583,11.7278,5.886288,,0.7477325495,0,0.7243139907,0.5217879514,1.262698892,0,0.1477886298,0,2.800486455,0.2103395922,3.07907382,0.3583211177,0.8681302467,4.139678196,0,0,2.095252147,1.011248629,7.153124048,2.288824888,21.62015773,0.7426330773,0.2718283509,0,0.4782120486,0.09675697634,1.987447728,1.014461428,1,0.2103395922,2.948273935,2.963382394,12.30405087,21.62015773
FID_002_14,WT,pnd70,F,19.3,0,0,14,N,,0,0,8.376753,8.235157,29.07507,9.15367,0,2.238379,51.62169,3.767164,17.60106,0,0.2035314,27.67028,0,0,41.11618,19.28948,57.23361,32.13241,173.6032,8.34085,4.22255,3.428215,6.161957,0,39.56892,12.5634,14.39711,7.195379,51.62169,41.31971,104.1934,173.6032,,1.468006,1.940397,4.278419,2.488883,4.945923,4.802438,3.886079,1.757541,5.663107,1.563315,4.50303,2.036989,166.852,82.14252,20.9394,9.498291,180.7395,112.8907,90.8689,21.87369,27.18663,2.024786,1.723168,1.74995,1.795443,0.2817173,6.026099,1.487033,0.7472561,0.3211585,3.427557,3.893624,11.48749,8.10139,,0,0,0.5818357295,0.5720007001,2.019507387,0.6357991291,0,0.1554741889,3.585559185,0.261661125,1.222541191,0,0.01413696221,1.921932943,0,0,2.855863434,1.339816116,3.975354081,2.231865284,12.05819779,0.5793419652,0.2932915009,0.2381182751,0.4279995777,0,2.748393254,0.872633466,1,0.4997794002,3.585559185,2.870000299,7.237105225,12.05819779
FID_004_17,KO,pnd70,M,22.8,0,0,17,N,,2.023837,0,12.5679,9.451302,34.8455,12.63972,0,3.125682,61.07176,4.238202,22.44633,5.390023,43.55168,0,0,37.23349,9.442046,17.54173,58.49542,42.74284,188.9909,16.48824,11.21585,3.263295,10.20587,0,38.58829,27.70409,19.65717,7.501497,61.07176,52.99373,76.03716,226.2244,,3.605349,2.294524,5.997968,5.955427,7.622471,5.974274,4.978786,2.600772,7.457744,2.341774,5.778289,8.772622,37.91722,127.398,25.53257,42.0627,24.77558,75.22381,55.98873,26.09033,57.167,3.482205,3.903943,2.191149,7.428199,0.319337,7.397178,2.302559,1.45853,0.3764282,4.094915,11.95767,4.509187,16.23633,,0.102956682,0,0.6393544951,0.4808068506,1.77266107,0.6430081238,0,0.1590097659,3.106843966,0.2156059087,1.141890211,0.2742013728,2.215562057,0,0,1.894142951,0.4803359792,0.8923832881,2.975780339,2.17441473,9.61434937,0.8387901209,0.5705729767,0.1660104176,0.5191932511,0,1.963064368,1.409363098,1,0.3816163263,3.106843966,2.69589824,3.868164136,11.50849283
FID_005_36,KO,pnd70,F,18.3,0,0,36,N,,19.81733,0,15.40346,22.93866,47.84457,1.267064,33.08412,0,52.0092,3.798585,31.02727,0,6.441119,0,0,0,65.12588,26.15798,85.39091,51.70145,180.9939,39.04525,8.168443,5.001497,10.08121,0,43.29819,47.21369,33.01987,8.800081,85.09333,71.567,111.5489,180.9939,,4.242522,2.293476,5.408236,14.36314,5.978516,6.038442,9.193103,1.501567,5.865352,2.828751,5.925062,2.174263,47.47791,82.92359,15.84043,12.16463,50.66481,51.98444,45.02047,19.11189,19.10253,4.765029,2.683573,2.899721,15.19082,0.3273775,7.318456,1.502438,0.942947,0.3562225,4.8624,2.770894,2.704082,5.663825,,0.6001637802,0,0.4664906312,0.6946926199,1.448963003,0.03837277373,1.001945798,0,1.57508797,0.1150393687,0.9396545171,0,0.1950679697,0,0,0,1.972323937,0.7921890668,2.58604622,1.565767824,5.481363191,1.182477399,0.2473796232,0.1514693123,0.3053073801,0,1.311276816,1.429856932,1,0.2665086507,2.577034071,2.167391937,3.37823559,5.481363191
FID_006_14,KO,pnd70,F,17.4,0,-1.65,14,N,,0,0,2.665899,7.518694,32.90655,4.253016,14.44902,3.435223,50.14659,4.041181,14.46692,3.041242,33.00918,8.806895,0,45.67891,0,0,29.24321,26.34177,112.6339,6.921537,3.066786,3.750613,7.574786,0,42.85885,9.988323,15.09348,7.791794,64.59561,33.00918,38.0501,158.3128,,1.562947,2.03894,4.056219,2.26849,4.137612,4.196061,5.301381,1.844304,5.417575,1.299268,4.578684,4.897448,78.82334,95.39735,12.78081,30.36039,69.07223,38.76428,84.04508,24.32807,43.56501,2.01241,1.98257,1.18471,2.348906,0.2832599,5.496838,1.260573,0.9904379,0.2843647,3.776529,3.274025,6.571081,14.60257,,0,0,0.1766258676,0.4981418467,2.180183099,0.2817783573,0.9573020934,0.2275964854,3.322400798,0.2677434892,0.9584880359,0.2014937576,2.186982724,0.5834900235,0,3.026400141,0,0,1.937473002,1.745241654,7.46242086,0.4585779423,0.203186144,0.2484922629,0.5018581533,0,2.839560525,0.6617640862,1,0.5162357521,4.279702892,2.186982724,2.520962694,10.48882034
FID_007_18,WT,pnd70,M,26,0,-2,18,N,,5.759763,0,9.043836,15.188,31.88451,3.013325,39.5845,4.111225,83.87518,7.422095,40.02397,7.555199,7.530511,0,0,15.57459,47.20211,12.50244,65.87923,37.20117,167.5007,19.19559,7.808075,3.117782,21.62845,0,59.62228,27.00366,36.81645,10.53988,123.4597,54.73262,78.38167,183.0753,,3.337789,2.023958,4.995239,16.84222,6.178203,5.121841,8.981469,2.642,8.112396,2.177829,5.903634,9.519563,34.12541,119.2058,23.49497,33.49041,38.06024,71.16047,47.98771,20.0147,40.56635,3.658456,3.775493,2.042961,16.88957,0.2874589,7.219572,1.472859,1.49874,0.3550942,5.705195,2.358306,3.188788,7.528846,,0.1564453661,0,0.2456466063,0.4125329846,0.866039773,0.08184724491,1.075185141,0.1116681538,2.278198468,0.201597248,1.087121925,0.2052125884,0.2045420186,0,0,0.4230334538,1.282092923,0.3395884177,1.789396588,1.010449677,4.549615729,0.5213862282,0.2120811485,0.08468448207,0.5874670154,0,1.619446742,0.7334672409,1,0.2862818115,3.353384153,1.486634915,2.128985005,4.972649454
FID_009_40,HET,pnd70,M,22.6,0,0,40,N,,4.307904,0,9.488839,12.55708,36.31651,0,0,5.087862,61.69725,3.258944,29.19622,9.419277,1.298287,22.30138,0,32.26345,46.94143,16.24477,66.01917,37.21203,176.8024,14.65525,10.40247,3.691387,7.491645,0,34.57495,25.05772,20.04872,6.950332,61.69725,48.23971,104.5653,209.0659,,3.178969,2.501533,5.532267,2.828173,6.279754,3.26015,4.799743,2.378496,6.576422,1.88161,6.207928,7.67892,237.4843,111.4671,36.11011,41.08602,257.6048,144.4046,105.8016,29.17724,57.58762,3.095291,3.353433,1.778824,3.002811,0.3181572,6.559414,2.012295,1.453438,0.3386333,3.843015,4.047142,5.796687,17.05507,,0.2148717724,0,0.473289018,0.6263282643,1.811412898,0,0,0.2537749043,3.077366036,0.1625512252,1.456263542,0.46981937,0.06475660292,1.112359293,0,1.609252361,2.341367928,0.8102646952,3.292936906,1.856080089,8.818637798,0.7309818283,0.5188595581,0.1841208317,0.373671985,0,1.724546505,1.249841386,1,0.3466721067,3.077366036,2.406124181,5.215559896,10.42789265
FID_013_14,WT,pnd70,F,20.6,0,0,14,N,,2.198422,0,4.222766,5.422196,18.51216,3.832151,3.672774,0.3905119,32.02477,2.213734,16.56527,2.231242,16.63981,9.178664,0,14.48213,0,10.60861,23.42064,14.65215,104.6474,4.428403,0.6175791,1.446253,3.119988,0,22.83349,5.045982,8.542184,3.659987,35.69755,16.63981,43.20792,119.1295,,2.176674,1.387466,3.282242,2.148604,5.084751,3.629351,5.948451,1.458492,5.939982,1.266827,4.377997,5.883624,34.14945,110.7355,18.17266,24.18951,27.85577,131.2523,54.54501,19.61617,32.81911,1.840886,1.475654,1.334502,1.9998,0.1938651,5.135869,1.039927,0.8109634,0.2236268,3.841682,2.83604,11.28003,9.703803,,0.2573606469,0,0.4943426646,0.6347552336,2.167146013,0.4486148975,0.4299572568,0.04571569753,3.749014304,0.2591531627,1.939231232,0.2612027556,1.947957337,1.074510219,0,1.695366197,0,1.241908393,2.741762528,1.715269772,12.25066096,0.5184157822,0.07229756465,0.1693071702,0.3652447664,0,2.673027179,0.5907133351,1,0.4284603329,4.178972263,1.947957337,5.058181842,13.94602364
FID_014_12,KO,pnd70,M,20,180,-2,12,N,,1.269464,0,9.796266,7.639947,32.62656,0,0,0.5577853,52.00623,3.467503,18.48313,3.112625,34.26942,17.47113,0,46.52196,0,12.16262,41.69063,26.11412,164.8888,8.135325,4.790118,2.609566,4.964695,0,33.14173,12.92544,12.60464,6.077069,52.00623,34.26942,71.32437,211.4108,,2.314216,2.139985,4.50503,2.400191,5.747436,2.71493,4.103195,1.700426,5.523623,1.251754,4.646357,5.423711,95.44386,68.34331,23.89326,33.21558,83.58607,81.3076,84.15514,24.29738,46.38581,2.321499,2.146841,1.380525,1.842867,0.2946769,5.240181,1.625851,0.9676332,0.2968884,3.279823,4.558183,17.18171,14.51321,,0.1007140228,0,0.7771952233,0.6061217932,2.588456315,0,0,0.04425237849,4.125959171,0.2750973451,1.466375081,0.2469427925,2.718794031,1.386087187,0,3.690859874,0,0.9649319616,3.307562136,2.071786263,13.08159535,0.6454230347,0.3800281484,0.2070321723,0.3938783654,0,2.629327771,1.025450945,1,0.4821295174,4.125959171,2.718794031,5.658580491,16.7724584
FID_016_18,WT,pnd70,M,21.4,0,0,18,N,,1.352723,0,9.918519,12.70475,39.79908,0,13.94086,6.121445,74.09715,6.374533,31.29078,6.086174,7.513392,15.62965,0,45.74048,33.63598,9.224238,67.20655,38.45351,170.2822,11.37254,7.509021,5.194622,12.80421,0,75.73613,18.88156,25.50896,11.56915,88.03801,41.14937,92.06043,216.0227,,3.144768,2.642537,5.716722,2.905763,6.054297,3.545689,7.302497,2.798877,7.893878,2.380176,6.450561,8.724925,41.98261,97.41478,37.7179,39.55345,58.2153,128.1447,115.4314,26.04977,47.97626,2.572144,2.967725,2.180867,3.507714,0.3388737,8.334725,1.650791,1.610762,0.4107336,5.503734,10.96937,6.640424,19.1626,,0.05302932773,0,0.388824907,0.4980504889,1.560200024,0,0.5465083641,0.239972347,2.904749939,0.2498938804,1.226658398,0.2385896563,0.2945393305,0.6127121607,0,1.793114263,1.318594721,0.3616077645,2.634625245,1.507451107,6.675387785,0.44582531,0.2943679789,0.2036391135,0.5019495111,0,2.969001088,0.7401932497,1,0.4535327979,3.451258303,1.613133973,3.608944857,8.468502832
FID_017_17,HET,pnd70,F,21.1,180,-2.1,17,N,,10.58886,0,11.78298,17.97483,33.50079,4.078147,28.18886,11.3675,63.09376,10.20783,40.7834,0,0,13.2358,0,25.32398,30.4085,14.54552,61.55387,28.17423,132.3731,9.185505,7.798328,3.409266,8.438579,0,87.30489,16.98383,26.41341,13.6171,91.28262,30.4085,89.33519,157.6971,,3.986763,2.398122,5.118536,11.1174,5.30037,5.725472,6.920584,2.981222,6.666632,2.487811,6.299683,2.277253,102.7598,112.1945,26.18169,36.44618,114.0103,177.1101,108.9787,19.5651,41.92216,2.668774,2.917901,2.2277,8.852795,0.3311827,7.787705,1.284282,1.277473,0.3852678,4.74477,4.628786,4.398902,6.668733,,0.4008895481,0,0.4460984023,0.6805191,1.268325067,0.1543968386,1.06721775,0.4303685136,2.3887018,0.3864639212,1.544041455,0,0,0.5011015238,0,0.9587546629,1.151252337,0.5506869427,2.330402246,1.066663865,5.011586917,0.3477591496,0.295241243,0.1290733003,0.3194808622,0,3.305324455,0.643000279,1,0.5155373729,3.45591955,1.151252337,3.382190713,5.970342337
FID_019_13,WT,pnd70,F,17.4,180,-1.7,13,N,,6.267744,0,0,5.46239,15.81034,0,20.47036,0,5.397548,0,0.921778,1.745763,0,0,0,0,0,24.69722,25.7718,0,0,0,0,0,0,0.9811832,2.360515,0,5.46239,0,25.86791,0,50.46902,0,,1.989441,1.356672,1.586721,5.010868,4.169086,2.54358,5.86415,0.7954982,2.935911,0.4585806,2.673847,2.956475,4.832797,37.52265,8.168503,6.151894,5.170458,43.38057,31.90372,4.651823,7.048004,0.4025997,0.4188363,0.4563047,4.392737,0.502861,2.170319,0.295115,0.4845569,0.07225617,2.705104,0.9600821,2.620085,3.450066,,1.147436196,0,0,1,2.894399704,0,3.74750979,0,0.9881293719,0,0.1687499428,0.3195969164,0,0,0,0,0,4.521321253,4.718044665,0,0,0,0,0,0,0.1796252556,0.4321395946,0,1,0,4.735639528,0,9.239365919,0
FID_027_13,HET,pnd30,F,18.1,180,-2,13,N,,6.238326,0,7.605993,6.599524,12.59917,0,0,0,29.26555,2.117972,25.30706,0,25.27367,27.30653,0,31.08954,13.25016,19.45477,63.7146,26.32928,207.8539,7.194305,2.518852,0.7338476,3.634005,0,24.6193,9.713157,10.23353,2.85182,29.26555,38.52382,110.4759,238.9435,,3.189259,1.681408,4.671764,3.139917,7.086138,2.515447,4.010357,0.9844635,7.331402,1.678713,6.475862,1.84215,549.9091,179.5002,20.02895,32.16465,557.6308,106.6895,138.2251,20.54897,43.47757,2.725571,2.304079,1.670924,3.450376,0.2525568,6.660667,1.585454,1.186361,0.3074468,3.190139,9.10414,10.25963,13.68184,,0.6095966885,0,0.7432423611,0.6448922317,1.23116559,0,0,0,2.859770773,0.2069639704,2.47295508,0,2.469692276,2.668339273,0,3.038007413,1.294779025,1.901081054,6.226062756,2.572844366,20.31106568,0.7030130366,0.2461371589,0.07171011371,0.3551076706,0,2.405748554,0.9491501955,1,0.2786741232,2.859770773,3.764470325,10.79548308,23.34907896
FID_029_14,HET,pnd30,M,18.8,180,-1.8,14,N,,3.219022,0,17.74539,12.62656,36.07107,3.908816,23.00101,1.568643,67.05273,5.141449,35.88045,0,0,2.518078,0,0,54.45302,26.12469,90.69951,38.16537,201.6597,20.40318,15.51241,3.656528,15.82487,0,44.35789,35.91559,28.45143,8.797977,90.05374,54.45302,119.3423,201.6597,,3.084977,2.263037,5.498187,11.81685,6.341627,5.584302,9.507149,2.656988,7.628095,2.421389,6.200656,2.132938,91.48885,75.05838,13.29579,11.4034,103.8494,46.1386,52.1515,20.58893,21.84257,2.731134,3.625866,2.276167,12.06855,0.3291244,7.754481,1.884194,1.309365,0.3775782,6.488458,4.337704,2.424422,9.139091,,0.3658820658,0,2.016985268,1.435166289,4.099927745,0.4442857716,2.61435214,0.1782958742,7.621380461,0.5843899115,4.0782614,0,0.2862110233,0,0,6.18926601,2.969397397,10.30913243,4.337971104,22.92114426,2.319076306,1.763179194,0.4156100885,1.798694177,0,5.041828366,4.0822555,3.233860466,1,10.2357326,6.18926601,13.56474335,22.92114426,0
FID_031_14,WT,pnd30,M,19.6,180,-1.8,14,N,,4.006996,0,11.71268,11.93145,30.56025,19.02877,6.870865,4.456911,46.43534,4.482878,20.16172,0,30.27621,14.22943,0,28.98623,14.71086,18.3913,64.00272,35.70567,170.3061,14.54291,7.591708,3.57188,8.507527,0,44.06944,22.13462,20.43898,8.054758,53.3062,44.98707,96.62345,199.2923,,2.811884,2.12699,4.942319,2.493443,5.3771,5.396202,6.75211,2.218797,6.067683,1.72724,5.275863,1.991607,23.00707,99.90704,23.43871,37.22679,7.671552,142.7919,85.41862,24.32114,50.66026,2.94069,2.773368,1.579682,2.882835,0.3001138,6.062969,1.840862,1.310908,0.3205856,4.522234,9.258217,5.95734,14.55739,,0.1960467695,0,0.573055994,0.5837595614,1.495194476,0.9310038955,0.3361647695,0.218059365,2.271901044,0.2193298296,0.9864347438,0,1.481297501,0.696190808,0,1.418183784,0.7197453102,0.8998149614,3.131404796,1.746939916,8.332416784,0.7115281682,0.371432821,0.1747582316,0.4162402918,0,2.156146735,1.082961087,1,0.3940880611,2.608065569,2.201042811,4.727410565,9.7505991
FID_038_12,KO,pnd70,M,23.3,180,-1.8,12,N,,2.019812,0,9.184493,17.09399,55.40093,0.7592575,38.23155,2.954043,71.02642,5.397998,45.61027,2.357988,2.803492,0,0,16.94733,42.97038,17.4637,62.28248,37.24541,147.1166,20.38329,14.71262,4.652368,16.6504,0,44.98937,35.09592,33.74439,10.05037,109.258,45.77388,79.74619,164.0639,,4.53973,2.772662,7.259972,4.873432,9.195442,7.368092,13.47301,3.479193,10.56403,2.920966,7.919274,11.21723,29.45245,134.3861,30.34907,52.21205,23.62031,65.28738,61.59789,21.33135,64.79647,5.359742,4.435388,3.061694,4.523824,0.4041476,9.382075,2.509059,1.873932,0.4940853,8.369552,4.352557,4.459341,11.6256,,0.05985623092,0,0.272178368,0.5065727962,1.641781938,0.02250025856,1.132974992,0.08754175138,2.104836389,0.1599672716,1.35164008,0.06987792638,0.08308023941,0,0,0.5022265923,1.273408113,0.5175289878,1.845713613,1.103751172,4.359735055,0.6040497398,0.4360019547,0.1378708579,0.4934272038,0,1.333239984,1.040051991,1,0.2978382481,3.23781227,1.35648859,2.363242898,4.861960759
FID_041_27,WT,pnd70,M,25.4,180,-1.8,27,N,,2.313365,0,2.530143,9.034834,15.79879,5.280784,2.277654,4.641181,51.93181,0,17.53401,1.202123,8.778367,4.310635,0,50.44428,14.14585,6.008602,43.81011,19.99379,127.2612,6.223919,3.126053,5.827498,9.220421,0,55.56364,9.349971,18.25526,5.827498,54.20946,22.92422,54.12935,177.7055,,2.296725,1.959272,3.991597,2.091098,4.476767,4.0872,6.029805,2.119753,5.547413,2.105144,4.31584,5.20367,318.5982,86.32516,20.64808,28.30245,313.9695,67.46495,63.51457,22.72942,39.97969,1.736007,1.771547,2.206638,2.32375,0.2607027,5.625097,1.085965,1.125337,0.2163012,4.179421,8.701359,3.177335,14.05795,,0.126723202,0,0.138598026,0.4949167528,0.8654376875,0.2892746529,0.1247669987,0.2542380114,2.844758716,0,0.9604908394,0.06585077397,0.4808678156,0.2361311206,0,2.763273709,0.7748917298,0.3291436003,2.399862286,1.095234469,6.971207203,0.3409383926,0.1712412203,0.3192229527,0.5050829733,0,3.043705759,0.5121795581,1,0.3192229527,2.969525496,1.25575971,2.965137171,9.734482007
FID_043_13 ,HET,pnd70,F,15,180,-1.9,13,N,,7.537107,0,13.01104,14.35686,36.22753,0,37.82618,1.924126,67.86194,6.428676,39.74417,3.777205,32.93866,0,0,0,10.87263,12.29797,57.39041,31.11791,150.5174,26.92065,5.304234,3.802337,17.08677,0,44.53509,32.22488,31.44364,10.23101,105.6881,43.81129,69.68839,150.5174,,5.153006,2.446021,5.785676,51.74854,7.539907,3.322295,11.67885,2.799992,9.019065,2.75352,6.901668,11.9557,22.131,144.9332,28.66696,11.71084,13.24231,85.93001,57.61472,22.16679,20.35383,4.42517,3.521162,2.790207,51.62613,0.3346508,8.369547,1.833474,1.247368,0.3939213,6.103964,2.785569,3.019617,7.273227,,0.2397021146,0,0.4137892432,0.4565902675,1.152141737,0,1.202983497,0.06119285172,2.158208782,0.204450757,1.263981206,0.1201262004,1.047546022,0,0,0,0.3457815317,0.3911115253,1.825183408,0.9896408304,4.786894901,0.8561556486,0.1686902025,0.1209254717,0.5434094144,0,1.416346517,1.024845724,1,0.3253761333,3.361191643,1.393327554,2.216295251,4.786894901
FID_045_12,HET,pnd70,M,23.5,180,-1.8,12,N,,4.253783,0,7.89471,18.62792,52.09603,0,33.31652,2.830483,87.52757,5.149754,51.63812,6.171497,0,0,0,18.58842,48.05387,27.84959,69.41068,36.43871,178.86,22.85058,13.41837,6.056273,14.2374,0,46.67814,36.26895,32.86532,11.20603,120.8441,48.05387,97.26027,197.4484,,4.197573,2.583455,6.755793,4.415716,9.432714,3.854788,12.37351,3.231426,10.87904,2.738227,8.077278,11.03819,35.72913,128.1661,28.75162,49.25548,30.80787,62.03595,58.22819,20.01645,60.56301,5.219793,4.366576,2.926178,4.125925,0.3705001,9.037543,2.224376,1.769749,0.4477231,7.720119,5.161522,3.836986,10.37784,,0.1294307495,0,0.2402140007,0.5667956375,1.585136856,0,1.013728757,0.08612370121,2.663219771,0.1566926474,1.571203932,0.1877814365,0,0,0,0.5655937627,1.462145204,0.847385329,2.111973351,1.108728289,5.442210817,0.6952794009,0.4082835646,0.1842754916,0.4332043625,0,1.420285578,1.103562965,1,0.3409682303,3.676948832,1.462145204,2.95935868,6.007803971
FID_052_16,KO,pnd70,M,22.5,180,-1.8,16,Y,,3.429964,0,12.29099,12.09283,38.62787,8.371276,24.9065,3.08856,66.42735,6.309172,32.5177,0,19.38349,0,0,11.24049,30.99638,14.5347,62.98134,43.00458,162.167,20.75498,15.90061,2.892177,20.07426,0,47.47849,36.65559,32.16709,9.201349,91.33385,50.37987,77.51603,173.4075,,4.148102,2.861282,7.46089,13.03296,7.642397,7.001134,11.28424,3.707901,9.427609,3.020468,7.424795,2.672437,3.749468,101.3789,19.30972,48.64994,11.39129,63.19942,54.30613,22.70704,62.3527,3.836982,5.627369,2.720537,14.15927,0.4195912,9.37216,2.285287,1.956527,0.457291,7.406534,3.834045,3.475618,9.013779,,0.1066296019,0,0.3820982874,0.375937954,1.200850621,0.2602434973,0.7742851467,0.09601614569,2.065071786,0.1961374809,1.010899649,0,0.6025876136,0,0,0.3494406861,0.9636053494,0.4518500119,1.957943351,1.336912354,5.041394792,0.6452240473,0.4943129764,0.08991105506,0.624062046,0,1.475995808,1.139537024,1,0.2860485359,2.839356933,1.566192963,2.409793052,5.390835789
FID_053_26,KO,pnd30,F,15.1,0,0,26,N,,28.52247,0,14.90052,26.36954,43.75709,0,8.271958,0,80.46733,8.498635,38.88674,6.021976,43.01827,0,0,0,0,9.140557,52.55952,41.52411,220.4822,36.92025,10.85269,6.086507,8.821893,0,39.27671,47.77294,35.19143,14.58514,88.73929,43.01827,61.70007,220.4822,,6.263885,2.528044,6.150078,28.25628,9.665517,3.779046,11.19651,1.970792,9.1012,2.821994,6.827919,10.02069,99.81865,116.1784,26.88641,12.95298,89.74984,56.76444,53.72456,19.38656,23.65328,4.206082,3.45091,2.635385,26.01706,0.373249,8.659092,1.998226,1.473452,0.452395,6.235287,4.60367,3.606925,8.055047,,0.810494771,0,0.423413314,0.7493170923,1.243401874,0,0.2350560349,0,2.286560393,0.2414972907,1.105005963,0.1711205257,1.222407558,0,0,0,0,0.2597381522,1.493531806,1.179949493,6.265224232,1.049126165,0.3083901393,0.1729542391,0.250682993,0,1.116087354,1.357516304,1,0.414451473,2.521616484,1.222407558,1.753269759,6.265224232
FID_055_15,HET,pnd30,F,16.7,0,0,15,N,,1.799826,0,6.79062,12.31854,27.07237,0,24.24938,2.329837,60.89083,5.247443,30.23825,0,0,0,0,0,37.32704,23.24539,55.88445,27.82752,99.68891,13.32709,9.109642,3.009601,12.99346,0,29.33877,22.43673,25.31199,8.257044,85.14021,37.32704,79.12983,99.68891,,2.279184,1.549682,3.681213,9.33162,5.570768,2.194577,6.848293,2.019725,6.015002,1.737025,4.554266,1.456179,73.97923,55.97741,10.41185,8.068091,83.98772,36.90791,30.92574,16.14246,26.49689,2.496597,2.795139,1.626131,9.40272,0.223282,5.493595,1.182876,0.983389,0.285777,4.714241,2.922708,2.280976,6.524522,,0.07110566968,0,0.2682768127,0.4866681758,1.069547278,0,0.9580194998,0.09204479774,2.405612123,0.207310567,1.1946216,0,0,0,0,0,1.474678206,0.9183548982,2.207825224,1.099380965,3.93840666,0.5265129292,0.3598943426,0.1189002129,0.5133322192,0,1.159085872,0.8864071928,1,0.32621078,3.363631623,1.474678206,3.126179727,3.93840666
FID_057_19,HET,pnd30,M,18.2,0,0,19,N,,14.34735,0,11.10778,16.68906,69.49606,0,8.048764,3.127232,28.94924,3.848502,40.80306,9.565915,22.75871,29.12321,0,0,0,11.80858,40.3706,29.69642,74.11548,18.49922,4.797825,3.76168,2.28986,0,24.39981,23.29705,18.97892,7.610182,36.99801,22.75871,81.3024,74.11548,,3.842911,1.903283,4.342084,29.90316,6.383487,2.71171,7.790341,2.137305,6.785782,2.004382,5.977211,9.259015,69.60135,49.21614,20.07295,8.870982,62.48891,43.16934,78.72451,18.03555,15.31095,2.842827,2.384596,2.00738,29.07794,0.2630267,6.464537,1.449692,0.9372866,0.3205364,5.058726,3.471196,3.57762,7.590314,,1.885283427,0,1.459594527,2.192990917,9.131983966,0,1.057630948,0.4109273602,3.804014148,0.5057043314,5.361640497,1.256988992,2.990560541,3.826874311,0,0,1.551681681,5.304813998,3.902195769,9.73898916,2.430851194,0.6304481286,0.4942956686,0.3008942493,0,3.206205844,3.061299979,2.493885166,1,4.861645884,2.990560541,10.6833713,9.73898916,9.73898916
FID_058_16,HET,pnd30,F,19.5,0,0,16,N,,18.18666,0,10.71322,23.79498,41.3735,0,16.0652,0.672043,73.85047,5.861235,36.31178,4.744805,50.61631,0,0,0,0,25.17284,64.93536,39.31389,163.5417,30.19646,6.935679,4.816338,9.610755,0,37.12959,37.13214,33.40574,10.67757,89.91567,50.61631,90.10819,163.5417,,3.401729,1.986018,4.754623,4.015654,6.277332,2.919629,9.110246,2.194233,6.888673,2.032894,5.492684,7.87266,14.04825,94.45211,21.53641,10.00654,19.17438,44.7564,43.68576,15.12224,17.34676,4.263151,2.74172,2.125821,3.555934,0.2865365,6.784762,1.53374,1.121524,0.3300832,5.645263,3.873056,2.812448,9.16834,,0.5444172169,0,0.3206999755,0.7123021373,1.238514698,0,0.4809113643,0.02011759057,2.210711991,0.1754559246,1.086992235,0.1420356202,1.515197987,0,0,0,0,0.7535483423,1.943838394,1.176860324,4.895616741,0.9039302826,0.2076193792,0.1441769588,0.287697713,0,1.111473358,1.111549692,1,0.3196327936,2.691623356,1.515197987,2.697386437,4.895616741
FID_062_14,KO,pnd30,F,17.8,0,0,14,N,,0,0,11.31732,13.13695,38.87224,6.184211,8.389361,4.80524,65.40524,4.471948,28.54873,0,0,13.64489,0,5.469969,62.4829,26.87098,80.77278,43.73895,161.4381,17.57899,14.03099,4.321348,10.27713,0,40.85674,31.60998,23.41409,8.793296,73.7946,62.4829,121.2887,166.9081,,2.20065,2.491458,6.123206,3.594787,7.025434,5.879758,9.566159,3.001684,8.66357,2.558255,6.649555,2.270349,34.37921,92.19472,22.10696,43.35778,27.65689,127.0185,91.20151,24.59175,57.07037,3.621989,4.582736,2.447026,2.957534,0.3534577,8.13428,2.43972,1.451927,0.423784,6.251549,4.949021,4.553489,8.498911,,0,0,0.483355108,0.5610702786,1.660207166,0.2641234829,0.3583039529,0.2052285611,2.793413709,0.1909938845,1.219297013,0,0,0.5827640536,0,0.2336186886,2.668602538,1.147641442,3.449750983,1.868061069,6.894912422,0.7507868126,0.5992541243,0.18456186,0.4389292943,0,1.744963823,1.350040937,1,0.3755557444,3.15171762,2.668602538,5.180158614,7.128532435
FID_063_12,WT,pnd30,M,21.8,0,0,12,N,,1.157066,0,4.6459,9.937757,35.04299,0,0,3.57303,41.45152,3.768054,25.3263,0,55.37092,15.08061,0,35.90158,0,22.71594,62.54859,36.19791,139.369,11.63732,7.831932,2.776355,7.255478,0,37.55592,19.46925,17.19323,6.544409,41.45152,55.37092,100.3451,175.2706,,3.642017,2.394201,5.886214,3.652729,7.91054,3.315005,5.295926,2.380933,7.538701,2.152663,6.760905,2.195856,114.0508,79.14146,20.56971,42.49502,120.3123,109.0485,85.57714,24.895,58.14696,3.677724,3.259134,2.278013,3.163933,0.3354513,8.623563,2.299415,1.500044,0.4003963,4.201429,4.946756,5.556904,17.9417,,0.06729776778,0,0.2702168237,0.5780040749,2.038185379,0,0,0.2078160997,2.410921043,0.219159169,1.473039097,0,3.220507141,0.8771248916,0,2.088123058,0,1.321214222,3.637977855,2.10535833,8.106039412,0.6768547853,0.4555241802,0.1614795475,0.421996216,0,2.184343489,1.132378849,1,0.3806387165,2.410921043,3.220507141,5.836314642,10.19416363
FID_067_31,WT,pnd30,F,13,0,0,31,N,,16.95221,0,15.16684,26.70271,50.93955,0,30.06514,0.6153071,83.29781,6.183421,48.23044,0,0,0,0,0,75.09082,35.64898,92.93287,52.1956,180.664,41.442,7.083064,6.770869,13.08535,0,49.23262,48.52507,39.78806,12.95429,113.3629,75.09082,128.5818,180.664,,3.837982,2.427045,5.55731,4.141755,7.026251,3.391161,10.00173,2.705402,7.072919,2.566983,3.486108,2.244801,160.865,84.68496,16.09762,11.93142,170.2203,54.68406,44.70875,18.46116,17.14968,3.983117,2.998838,2.592043,3.757984,0.3115849,4.802352,1.711337,1.195204,0.3616069,5.869742,4.464893,2.91179,6.794022,,0.4260627434,0,0.3811907391,0.6711236989,1.280272273,0,0.7556322173,0.01546461677,2.09353786,0.1554089594,1.212183756,0,0,0,0,0,1.887270201,0.8959718066,2.335697443,1.311840788,4.54065868,1.041568752,0.1780198381,0.1701733887,0.3288763011,0,1.237371714,1.219588741,1,0.3255823481,2.849168821,1.887270201,3.231667993,4.54065868
FID_069_13,HET,pnd70,F,22.2,0,0,13,N,,1.573514,0,0,4.349961,15.99779,0,7.91705,0,22.82317,1.631899,15.0452,0,1.931332,12.01352,0,15.92168,16.26023,9.282316,37.2218,13.98676,104.1964,4.540078,1.975785,1.176826,1.931495,0,14.52963,6.515862,6.281456,2.808725,30.74022,18.19156,58.51763,120.1181,,1.722421,1.391041,1.294428,1.692577,4.234794,1.899392,4.94011,0.736289,4.062248,0.923994,4.098137,1.274104,80.02007,72.78166,16.77263,20.89609,99.01369,131.8636,78.17023,20.49625,29.43263,1.539811,1.371401,0.95689,1.408219,0.201979,4.139437,0.830915,0.676707,0.195491,2.981897,7.567049,8.513121,10.37184,,0.2505014761,0,0,0.692508393,2.546828315,0,1.260384535,0,3.633420341,0.2597962956,2.395177169,0,0.3074656576,1.912537475,0,2.534711697,2.588608437,1.477733188,5.925664368,2.226674835,16.58793757,0.7227747834,0.3145425201,0.1873492388,0.307491607,0,2.313099065,1.037317144,1,0.4471455344,4.893804876,2.896073777,9.315934076,19.12265246
FID_070_14,HET,pnd70,F,19.4,0,0,14,N,,1.040416,0,9.852881,14.62421,34.57432,5.83633,19.87085,4.945118,67.38567,4.835126,33.37736,2.798991,37.39266,5.198767,0,14.50715,5.435879,11.01038,53.1727,31.63884,144.4784,16.98017,12.06331,3.416981,14.40003,0,42.60024,29.04348,29.02423,8.252108,87.25651,42.82854,69.38185,158.9856,,3.217444,2.14416,5.345564,3.738167,8.064821,5.342053,9.625178,2.782315,9.111785,2.264994,6.407597,10.6566,63.24546,96.98078,21.12439,36.56613,54.47036,45.08654,70.91618,22.44694,46.124,3.296001,4.059938,2.208121,4.1043,0.301971,7.520246,1.922004,1.565271,0.3670856,6.051358,4.180559,3.551351,8.260408,,0.03584646345,0,0.3394708835,0.503862118,1.191222644,0.2010847488,0.6846297042,0.1703789558,2.321703969,0.1665892945,1.149982618,0.0964363568,1.288325651,0.1791181713,0,0.499828936,0.1872876214,0.3793513213,1.832010703,1.090083699,4.97785471,0.5850342972,0.4156289417,0.1177285668,0.4961382266,0,1.467747465,1.000663239,1,0.2843178958,3.006333329,1.475613307,2.390480299,5.477685368
FID_081_19,HET,pnd30,F,16,0,0,19,N,,0.9164992,0,1.19641,8.778582,37.60504,8.426515,10.85387,2.472822,47.9551,3.775138,26.76975,1.455984,6.03254,16.04549,0,33.53867,18.6872,21.3312,53.10497,24.40382,151.0091,8.110275,3.04941,3.069418,5.656554,0,43.73262,11.15969,14.43514,6.844556,58.80896,24.71974,90.48166,184.5477,,3.432339,2.650344,5.454477,2.951286,7.501893,5.391251,8.302405,2.31974,7.087129,1.591516,6.598555,7.13395,61.09147,172.8793,41.45448,40.49864,74.69508,220.6837,114.3097,30.35834,57.30245,2.632116,2.339609,1.791788,2.459308,0.3685394,7.228755,1.657215,1.13393,0.3664936,5.177917,11.26966,7.077133,17.87887,,0.06349084249,0,0.08288177323,0.6081397202,2.605103934,0.5837501403,0.7519061124,0.1713057165,3.32210841,0.2615241695,1.854484958,0.1008638642,0.4179065807,1.11155763,0,2.323404553,1.294563129,1.477727268,3.67886768,1.690584227,10.46121479,0.5618424899,0.2112490769,0.212635139,0.3918600027,0,3.029594448,0.7730919132,1,0.4741593085,4.07401383,1.712469709,6.268152578,12.78461449
FID_082_16,HET,pnd30,M,20.5,0,0,16,N,,1.293074,0,5.849012,8.932278,21.40556,8.791829,7.255781,3.752942,47.56938,4.120029,25.22109,0,10.09955,3.905881,0,0,20.6006,12.45544,51.5888,29.53515,109.7576,11.66974,8.419929,2.624075,9.23899,0,32.79092,20.08967,18.17127,6.744104,54.82516,30.70015,67.95012,109.7576,,2.653501,1.591244,3.940977,2.805225,6.244017,4.637202,7.684281,2.155199,7.046262,1.97123,5.256404,1.626209,8.61313,45.8289,9.727723,8.527014,13.88742,35.36454,39.02237,16.49081,28.33493,2.290623,2.815126,1.911604,3.185844,0.2476108,6.133047,1.391468,1.026864,0.3169767,5.034499,7.777548,3.255316,7.013294,,0.07116035368,0,0.3218824001,0.4915604688,1.17798921,0.4838312897,0.3992996087,0.2065316293,2.617834637,0.2267331342,1.387965178,0,0.555797696,0.2149481572,0,0,1.133690711,0.685446862,2.839031064,1.625376212,6.040172206,0.6422082771,0.4633649162,0.1444079032,0.5084394211,0,1.804547508,1.105573248,1,0.3711410375,3.01713419,1.689488407,3.739426028,6.040172206
FID_083_16,KO,pnd30,M,21.4,0,0,16,N,,0.08319879,0,8.752127,10.57955,34.13573,6.543632,0,4.02384,67.98411,4.734541,25.99437,0,0,20.2331,0,0,49.17657,24.12301,80.93702,35.94537,176.789,10.17992,8.864732,4.208648,10.50453,0,40.5536,19.04465,21.08407,8.943189,67.98411,49.17657,125.2931,176.789,,2.946945,2.319063,4.877385,3.110809,5.515519,5.223611,4.561118,2.407925,6.7997,1.999179,6.118593,2.192671,146.4002,102.923,25.99405,11.02661,168.1855,162.1539,102.1012,26.63994,32.68308,1.991307,2.405008,1.782886,4.146516,0.3236805,6.870906,1.499754,1.195055,0.3459379,3.745208,4.850826,15.14893,9.200656,,0.00394604979,0,0.4151061441,0.5017793054,1.619029438,0.3103590531,0,0.1908474028,3.224430103,0.2245553634,1.232891467,0,0,0.9596391968,0,0,2.332404038,1.14413441,3.83877591,1.704859166,8.384956036,0.4828251851,0.4204469061,0.1996126934,0.4982211689,0,1.923423703,0.9032719963,1,0.4241680567,3.224430103,2.332404038,5.942548094,8.384956036
FID_085_16,WT,pnd30,F,15,0,0,16,N,,3.170516,0,8.234709,9.095286,23.65757,0,15.39102,2.155264,41.52917,3.169489,25.283,1.386427,15.63531,0,0,0,16.8441,12.80172,42.59122,25.96707,91.7414,11.30912,7.453449,2.116866,7.877315,0,24.7454,18.76257,16.9726,5.286355,56.92019,32.47941,55.39294,91.7414,,2.190171,1.673344,3.75756,2.059466,5.745636,2.323096,6.927118,1.909212,5.467763,1.647239,4.742724,6.709871,11.91473,92.76151,18.8044,7.971116,20.98599,53.41986,40.66009,18.8115,24.91969,1.917139,2.235269,1.552638,2.483226,0.2272684,5.517824,1.310382,0.9706012,0.272931,4.532114,8.595707,3.25467,6.760356,,0.1868020221,0,0.4851766376,0.5358805369,1.393868353,0,0.9068156912,0.1269849051,2.446836077,0.1867415128,1.489636237,0.08168618833,0.9212088896,0,0,0,0.9924289738,0.7542580394,2.509410462,1.52994061,5.405264956,0.666316298,0.4391459765,0.1247225528,0.4641195221,0,1.457961656,1.105462333,1,0.3114640656,3.353651768,1.913637863,3.263668501,5.405264956
FID_088_18,KO,pnd30,F,17.4,0,0,18,N,,3.735873,0,8.948635,12.34277,20.09539,3.137459,14.97849,1.37604,46.62157,3.518478,19.37667,0,16.06036,2.844999,0,0,6.181303,9.719119,34.478,22.67359,83.2155,11.12158,6.315811,2.81971,7.875063,0,28.51741,17.43739,20.21783,6.338187,61.60006,22.24167,47.04212,83.2155,,2.374613,1.322289,3.260953,4.017083,6.080235,3.564624,6.797153,1.632298,6.183852,1.512609,4.008885,1.224022,25.77775,40.48988,8.151661,6.912388,23.83088,20.62101,30.33882,14.40563,22.29612,2.259349,2.158873,1.5598,3.793304,0.1971943,4.89844,1.114917,0.8818044,0.2527007,4.159072,6.595784,1.440193,5.698207,,0.1847811066,0,0.4426110517,0.6104893552,0.9939439594,0.1551827768,0.7408554726,0.0680607167,2.305963103,0.1740284689,0.9583951393,0,0.794366161,0.1407173272,0,0,0.3057352347,0.4807201861,1.705326437,1.121465063,4.115946172,0.5500877196,0.3123881742,0.1394665006,0.3895107932,0,1.410507953,0.8624758443,1,0.3134949201,3.046818575,1.100101742,2.326764049,4.115946172
FID_090_15,WT,pnd30,M,21.3,0,0,15,N,,0,0,14.54811,16.91126,67.79446,0,13.30337,4.431454,41.03555,5.025635,39.8845,58.33924,3.796604,69.39622,0,0,47.89002,0,58.1532,42.80153,118.567,16.75387,12.5454,4.522832,7.697566,0,35.27444,29.29927,24.60883,9.548466,54.33892,51.68662,127.5494,118.567,,1.394835,2.621222,5.487177,2.921387,6.856125,3.190391,8.373385,2.439845,6.197563,2.270248,6.77053,12.34285,104.6242,201.3268,19.32539,12.36777,110.4328,80.39305,132.8098,26.43597,22.3801,3.254425,2.727933,2.421889,2.016765,0.3526238,8.056054,1.655299,1.09702,0.391702,5.31606,2.50063,4.349096,10.40711,,0,0,0.5911743874,0.6872029268,2.754883511,0,0.5405933561,0.1800757696,1.667513246,0.204220802,1.620739385,2.370662888,0.1542781189,2.819972343,0,0,1.946050259,0,2.363103,1.739275293,4.818067336,0.680807255,0.5097926232,0.1837889896,0.3127969107,0,1.433405814,1.190599878,1,0.388009751,2.208106602,2.100328216,5.183074531,4.818067336
FID_092_23,WT,pnd30,M,19.5,0,0,23,N,,11.30952,0,17.51219,24.56323,52.5793,0,47.27399,2.277355,77.70346,7.61412,54.90544,0,0,0,0,0,77.64018,37.69213,103.2544,51.04521,190.2104,36.98528,14.61303,4.96605,20.44533,0,51.52456,51.59831,45.00856,12.58017,124.9774,77.64018,140.9465,190.2104,,3.924852,2.482118,5.848476,5.073185,8.629793,3.55145,11.65464,3.006487,8.832508,2.737791,3.813135,2.315215,112.2125,87.92754,16.47935,12.62137,122.8687,57.24897,46.27946,19.01508,20.38744,4.41438,4.254958,2.629548,5.756394,0.3234695,5.346499,2.02568,1.468773,0.4091313,6.462911,4.569707,3.025326,8.523118,,0.2512748686,0,0.389085765,0.5457457426,1.16820667,0,1.050333314,0.05059826397,1.726415153,0.1691704867,1.219888839,0,0,0,0,0,1.725009198,0.8374435885,2.294105832,1.134122265,4.226093881,0.8217387981,0.3246722401,0.1103356784,0.4542542574,0,1.144772461,1.146411038,1,0.279506165,2.776747357,1.725009198,3.131548754,4.226093881
,,,,,,,,,,,,,,,,,,,,,,,,,,,,,,,,,,,,,,,,,,,,,,,,,,,,,,,,,,,,,,,,,,,,,,,,,,,,,,,,,,,,,,,,,,,,,,,,,,,,,,,,,,,,,,,,,
,,,,,,,,,mean,5.459608722,0,9.179136333,13.07411744,34.85518692,3.180721458,15.35866378,2.734919008,55.31699578,4.493553194,29.70848606,3.866907139,14.98386571,10.62641192,0,14.59595358,26.48177467,16.83429533,58.79717472,32.47597806,147.1379608,16.11408464,7.826517919,3.515819683,9.761425472,0.04829453056,39.43879014,23.94060264,22.83554264,8.009372889,70.6756575,41.46564028,86.25787944,161.7339192,,3.112304,2.129158278,4.883791167,7.791638333,6.480949167,4.114483167,7.691596167,2.231507919,7.049923333,2.042329489,5.620155778,5.4341865,100.2594435,100.9290181,21.50842881,24.47148264,103.2643042,84.41643444,72.40928056,21.05157175,36.26252706,3.009499519,2.884667453,2.016364047,7.66985175,0.3166700472,6.671732389,1.612753589,1.206134531,0.3365309353,4.964581222,5.404710781,5.545328972,10.19406008,,0.2907758915,0,0.4685643174,0.650528174,1.895133849,0.1730404703,0.7320289705,0.13238007,2.771184486,0.2194991053,1.552441595,0.2010780861,0.8486048265,0.765494064,0,1.044350078,1.205245758,1.286419226,3.034325989,2.345884231,7.396588667,0.6839956229,0.3356964798,0.2042362058,0.3946984313,0.2367893456,1.975999059,1.087031333,1,0.7545046395,3.338836964,2.510802335,5.224548762,8.407600031
,,,,,,,,,stdev,6.61372735,0,4.595509057,6.127557633,14.20217976,4.435627572,13.58570235,2.300312782,19.42952237,2.142678979,11.60528209,9.759112297,16.65810107,14.18922192,0,17.0817589,23.53634689,8.741797862,18.38777095,11.12259927,44.24615831,10.3720636,4.393286788,1.598423883,5.31334896,0.2037113053,15.72489648,13.26990098,9.929354421,3.275216394,28.75585351,16.85069842,26.53907265,49.59241662,,1.072805006,0.4440834237,1.350311136,10.09670393,1.43484825,1.440211501,2.599851044,0.7241917716,1.673666609,0.6046508406,1.27419153,3.670633053,121.369326,37.62441282,7.704404047,15.23534364,124.6151494,46.52681284,30.49174289,4.723260189,16.28947869,1.117276339,1.071289846,0.5899774931,9.957832388,0.0763559388,1.62760255,0.4914226418,0.3409511081,0.08657735564,1.370742363,2.746053898,3.769690791,4.067910939,,0.3804656163,0,0.3696995762,0.3207310908,1.41684394,0.2434246466,0.7438447672,0.1098831372,1.076343202,0.1057824776,0.939718923,0.4366858597,0.9680417853,1.099279951,0,1.426764533,0.9138027898,1.868672658,1.327493691,3.816675604,4.677030672,0.2829099478,0.1386441867,0.2811656914,0.1489172462,0.9815865486,0.7957909574,0.5267523212,0,1.793047666,0.7876466355,2.496306375,4.040052159,5.361289082